store_id,book_id
2,1
1,2
1,3
1,4
2,5
2,6
2,7
1,8
1,9
2,10
2,11
1,12
2,13
1,14
2,15
2,16
1,17
1,18
2,19
2,20
1,21
2,22
1,23
1,24
2,25
1,26
2,27
2,28
2,29
1,30
1,31
2,32
1,33
1,34
2,35
2,36
2,37
2,38
1,39
1,40
1,41
1,42
2,43
1,44
1,45
2,46
1,47
1,48
1,49
2,50
2,51
2,52
1,53
2,54
2,55
1,56
2,57
1,58
2,59
1,60
2,61
2,62
1,63
1,64
1,65
2,66
2,67
2,68
1,69
1,70
2,71
2,72
2,73
2,74
2,75
2,76
1,77
2,78
1,79
2,80
2,81
1,82
1,83
1,84
1,85
2,86
2,87
1,88
1,89
2,90
2,91
1,92
1,93
1,94
1,95
2,96
2,97
2,98
2,99
1,100
1,101
1,102
1,103
1,104
1,105
1,106
2,107
2,108
1,109
1,110
2,111
1,112
1,113
1,114
2,115
2,116
2,117
2,118
1,119
1,120
1,121
1,122
2,123
1,124
2,125
1,126
2,127
2,128
2,129
2,130
2,131
1,132
1,133
2,134
2,135
2,136
1,137
2,138
2,139
2,140
1,141
1,142
1,143
1,144
1,145
1,146
2,147
2,148
2,149
1,150
1,151
1,152
2,153
1,154
2,155
1,156
2,157
2,158
2,159
2,160
1,161
2,162
1,163
1,164
1,165
1,166
2,167
2,168
2,169
2,170
2,171
2,172
1,173
2,174
1,175
2,176
1,177
2,178
2,179
2,180
1,181
2,182
2,183
2,184
1,185
1,186
1,187
1,188
2,189
2,190
1,191
1,192
1,193
2,194
1,195
1,196
1,197
1,198
2,199
2,200
2,201
1,202
1,203
1,204
2,205
1,206
2,207
2,208
2,209
1,210
2,211
2,212
1,213
2,214
1,215
1,216
1,217
1,218
1,219
1,220
1,221
1,222
2,223
2,224
1,225
2,226
2,227
2,228
1,229
1,230
1,231
2,232
2,233
2,234
2,235
1,236
2,237
1,238
1,239
2,240
2,241
1,242
1,243
1,244
1,245
2,246
2,247
2,248
2,249
1,250
1,251
1,252
1,253
1,254
2,255
1,256
2,257
2,258
1,259
2,260
1,261
2,262
2,263
1,264
1,265
2,266
1,267
1,268
2,269
1,270
1,271
1,272
2,273
2,274
1,275
1,276
1,277
2,278
2,279
2,280
1,281
1,282
2,283
1,284
1,285
1,286
2,287
1,288
1,289
2,290
1,291
1,292
2,293
2,294
2,295
2,296
1,297
2,298
2,299
2,300
1,301
2,302
1,303
1,304
1,305
1,306
1,307
1,308
1,309
2,310
1,311
1,312
1,313
2,314
2,315
2,316
1,317
2,318
2,319
2,320
1,321
1,322
2,323
2,324
1,325
1,326
2,327
1,328
2,329
2,330
2,331
1,332
2,333
1,334
1,335
2,336
1,337
1,338
1,339
2,340
1,341
2,342
2,343
2,344
1,345
2,346
2,347
2,348
2,349
2,350
1,351
1,352
2,353
1,354
1,355
2,356
1,357
1,358
1,359
1,360
2,361
2,362
1,363
1,364
1,365
1,366
1,367
2,368
1,369
2,370
1,371
1,372
1,373
2,374
1,375
1,376
1,377
1,378
1,379
1,380
1,381
2,382
1,383
2,384
2,385
2,386
1,387
2,388
2,389
2,390
2,391
2,392
2,393
2,394
2,395
2,396
2,397
2,398
1,399
1,400
2,401
2,402
1,403
1,404
2,405
2,406
2,407
1,408
1,409
1,410
2,411
2,412
2,413
2,414
1,415
1,416
2,417
1,418
2,419
1,420
2,421
1,422
2,423
2,424
1,425
2,426
1,427
2,428
1,429
2,430
2,431
1,432
1,433
2,434
2,435
2,436
1,437
2,438
1,439
2,440
1,441
2,442
2,443
1,444
1,445
1,446
1,447
1,448
2,449
2,450
1,451
1,452
1,453
1,454
1,455
1,456
1,457
2,458
1,459
2,460
2,461
2,462
2,463
1,464
1,465
1,466
2,467
2,468
2,469
2,470
2,471
2,472
2,473
1,474
1,475
2,476
1,477
1,478
2,479
1,480
1,481
2,482
1,483
1,484
1,485
2,486
2,487
1,488
1,489
1,490
1,491
2,492
1,493
1,494
2,495
2,496
2,497
1,498
1,499
1,500
1,501
1,502
2,503
2,504
1,505
1,506
1,507
1,508
2,509
2,510
2,511
2,512
1,513
2,514
2,515
1,516
2,517
2,518
2,519
2,520
2,521
1,522
2,523
2,524
2,525
2,526
1,527
1,528
1,529
2,530
2,531
1,532
1,533
2,534
2,535
2,536
1,537
2,538
2,539
1,540
2,541
2,542
2,543
2,544
2,545
1,546
1,547
2,548
1,549
1,550
2,551
1,552
2,553
2,554
2,555
2,556
2,557
1,558
2,559
2,560
1,561
1,562
2,563
2,564
2,565
1,566
2,567
2,568
1,569
1,570
2,571
1,572
2,573
2,574
2,575
2,576
1,577
1,578
1,579
1,580
2,581
1,582
2,583
1,584
2,585
2,586
2,587
2,588
1,589
1,590
1,591
1,592
2,593
1,594
2,595
1,596
1,597
1,598
1,599
1,600
1,601
2,602
2,603
1,604
1,605
2,606
1,607
1,608
1,609
1,610
1,611
2,612
2,613
1,614
2,615
2,616
1,617
2,618
1,619
1,620
2,621
1,622
1,623
1,624
1,625
2,626
2,627
1,628
2,629
1,630
1,631
2,632
1,633
2,634
1,635
2,636
1,637
1,638
2,639
2,640
2,641
1,642
1,643
2,644
2,645
2,646
1,647
1,648
2,649
1,650
2,651
1,652
1,653
1,654
1,655
1,656
2,657
1,658
1,659
1,660
1,661
2,662
2,663
2,664
1,665
1,666
1,667
1,668
1,669
1,670
1,671
2,672
1,673
1,674
1,675
1,676
1,677
2,678
1,679
1,680
2,681
1,682
2,683
2,684
2,685
1,686
2,687
1,688
1,689
2,690
2,691
2,692
2,693
1,694
1,695
2,696
1,697
1,698
2,699
1,700
2,701
2,702
1,703
1,704
1,705
1,706
2,707
2,708
1,709
1,710
2,711
1,712
2,713
2,714
1,715
1,716
2,717
1,718
1,719
2,720
1,721
2,722
1,723
1,724
2,725
1,726
1,727
1,728
1,729
1,730
2,731
1,732
2,733
1,734
2,735
2,736
2,737
1,738
1,739
1,740
2,741
1,742
1,743
1,744
2,745
2,746
1,747
2,748
2,749
1,750
2,751
2,752
1,753
1,754
2,755
1,756
1,757
2,758
2,759
1,760
1,761
2,762
1,763
2,764
2,765
1,766
2,767
1,768
1,769
1,770
2,771
1,772
2,773
2,774
2,775
1,776
1,777
2,778
1,779
2,780
2,781
1,782
2,783
2,784
1,785
1,786
2,787
2,788
1,789
2,790
1,791
1,792
1,793
2,794
2,795
2,796
1,797
1,798
2,799
1,800
2,801
2,802
1,803
1,804
2,805
1,806
1,807
1,808
1,809
2,810
1,811
1,812
1,813
2,814
1,815
2,816
1,817
1,818
1,819
2,820
1,821
2,822
2,823
2,824
2,825
1,826
2,827
1,828
2,829
2,830
2,831
2,832
2,833
1,834
2,835
2,836
2,837
2,838
1,839
2,840
2,841
1,842
2,843
1,844
1,845
2,846
1,847
2,848
1,849
2,850
1,851
2,852
1,853
1,854
1,855
1,856
2,857
1,858
1,859
2,860
2,861
2,862
1,863
2,864
1,865
1,866
2,867
2,868
1,869
2,870
2,871
1,872
1,873
1,874
1,875
2,876
2,877
2,878
2,879
2,880
1,881
1,882
1,883
2,884
1,885
1,886
1,887
1,888
1,889
1,890
1,891
2,892
1,893
2,894
2,895
2,896
1,897
2,898
1,899
1,900
2,901
1,902
2,903
2,904
2,905
1,906
1,907
2,908
1,909
1,910
2,911
2,912
2,913
2,914
2,915
2,916
2,917
2,918
1,919
2,920
1,921
2,922
1,923
2,924
2,925
1,926
2,927
2,928
1,929
2,930
1,931
2,932
2,933
2,934
2,935
2,936
1,937
2,938
2,939
1,940
2,941
1,942
2,943
2,944
1,945
1,946
2,947
2,948
1,949
1,950
2,951
1,952
1,953
2,954
1,955
1,956
1,957
1,958
2,959
2,960
1,961
2,962
1,963
1,964
1,965
2,966
2,967
2,968
2,969
2,970
1,971
2,972
2,973
1,974
2,975
1,976
2,977
2,978
2,979
2,980
2,981
2,982
1,983
2,984
1,985
2,986
1,987
2,988
1,989
1,990
2,991
2,992
1,993
1,994
1,995
1,996
1,997
2,998
2,999
1,1000
1,1001
1,1002
1,1003
1,1004
1,1005
1,1006
1,1007
2,1008
2,1009
2,1010
1,1011
2,1012
2,1013
2,1014
1,1015
2,1016
1,1017
2,1018
2,1019
2,1020
1,1021
2,1022
2,1023
2,1024
1,1025
1,1026
1,1027
2,1028
1,1029
2,1030
1,1031
1,1032
2,1033
2,1034
1,1035
1,1036
2,1037
1,1038
2,1039
2,1040
2,1041
2,1042
2,1043
2,1044
1,1045
1,1046
1,1047
1,1048
2,1049
2,1050
1,1051
2,1052
1,1053
1,1054
1,1055
2,1056
2,1057
2,1058
1,1059
2,1060
2,1061
2,1062
1,1063
1,1064
1,1065
1,1066
1,1067
2,1068
2,1069
1,1070
2,1071
1,1072
1,1073
1,1074
1,1075
1,1076
1,1077
2,1078
2,1079
2,1080
2,1081
2,1082
1,1083
1,1084
2,1085
2,1086
2,1087
1,1088
2,1089
2,1090
2,1091
1,1092
1,1093
1,1094
2,1095
2,1096
1,1097
1,1098
2,1099
2,1100
1,1101
2,1102
1,1103
2,1104
1,1105
1,1106
2,1107
2,1108
1,1109
2,1110
2,1111
1,1112
2,1113
1,1114
1,1115
2,1116
2,1117
1,1118
1,1119
2,1120
1,1121
2,1122
1,1123
1,1124
2,1125
1,1126
1,1127
1,1128
1,1129
2,1130
1,1131
1,1132
1,1133
2,1134
2,1135
2,1136
2,1137
1,1138
2,1139
1,1140
2,1141
1,1142
1,1143
2,1144
2,1145
2,1146
1,1147
1,1148
1,1149
1,1150
1,1151
2,1152
2,1153
2,1154
1,1155
1,1156
2,1157
2,1158
2,1159
1,1160
1,1161
2,1162
2,1163
1,1164
2,1165
2,1166
1,1167
1,1168
2,1169
1,1170
2,1171
2,1172
1,1173
1,1174
1,1175
2,1176
1,1177
2,1178
2,1179
1,1180
1,1181
2,1182
1,1183
2,1184
1,1185
2,1186
1,1187
2,1188
1,1189
2,1190
1,1191
1,1192
2,1193
1,1194
2,1195
1,1196
2,1197
1,1198
1,1199
2,1200
2,1201
1,1202
2,1203
1,1204
1,1205
1,1206
2,1207
2,1208
1,1209
1,1210
1,1211
2,1212
2,1213
1,1214
1,1215
1,1216
2,1217
2,1218
2,1219
1,1220
1,1221
1,1222
1,1223
2,1224
2,1225
2,1226
1,1227
1,1228
1,1229
2,1230
2,1231
1,1232
1,1233
2,1234
2,1235
2,1236
2,1237
2,1238
1,1239
2,1240
1,1241
2,1242
2,1243
2,1244
2,1245
1,1246
2,1247
1,1248
2,1249
1,1250
2,1251
1,1252
1,1253
2,1254
2,1255
2,1256
1,1257
1,1258
2,1259
2,1260
1,1261
1,1262
2,1263
2,1264
1,1265
1,1266
2,1267
2,1268
2,1269
2,1270
1,1271
1,1272
1,1273
2,1274
1,1275
1,1276
2,1277
1,1278
2,1279
2,1280
1,1281
1,1282
2,1283
1,1284
2,1285
1,1286
2,1287
1,1288
2,1289
2,1290
1,1291
2,1292
2,1293
2,1294
2,1295
2,1296
2,1297
1,1298
2,1299
1,1300
2,1301
1,1302
2,1303
1,1304
2,1305
2,1306
2,1307
1,1308
1,1309
2,1310
1,1311
2,1312
1,1313
2,1314
2,1315
1,1316
1,1317
1,1318
2,1319
1,1320
1,1321
1,1322
2,1323
1,1324
1,1325
1,1326
1,1327
1,1328
2,1329
2,1330
2,1331
2,1332
2,1333
2,1334
1,1335
1,1336
2,1337
2,1338
1,1339
2,1340
1,1341
2,1342
2,1343
2,1344
1,1345
2,1346
1,1347
1,1348
2,1349
1,1350
2,1351
2,1352
1,1353
1,1354
1,1355
1,1356
1,1357
2,1358
2,1359
2,1360
2,1361
2,1362
1,1363
1,1364
2,1365
1,1366
2,1367
1,1368
2,1369
2,1370
2,1371
1,1372
1,1373
1,1374
1,1375
1,1376
1,1377
2,1378
1,1379
1,1380
2,1381
1,1382
1,1383
2,1384
1,1385
2,1386
2,1387
1,1388
2,1389
1,1390
1,1391
1,1392
1,1393
1,1394
1,1395
1,1396
1,1397
2,1398
1,1399
2,1400
1,1401
1,1402
1,1403
1,1404
1,1405
1,1406
2,1407
2,1408
2,1409
2,1410
2,1411
1,1412
1,1413
2,1414
1,1415
1,1416
2,1417
1,1418
2,1419
2,1420
2,1421
1,1422
1,1423
1,1424
2,1425
2,1426
2,1427
1,1428
1,1429
1,1430
2,1431
1,1432
1,1433
2,1434
2,1435
1,1436
1,1437
2,1438
1,1439
1,1440
2,1441
1,1442
1,1443
1,1444
2,1445
2,1446
2,1447
1,1448
1,1449
2,1450
1,1451
1,1452
2,1453
1,1454
1,1455
1,1456
1,1457
1,1458
2,1459
2,1460
1,1461
1,1462
2,1463
2,1464
2,1465
2,1466
2,1467
1,1468
2,1469
1,1470
2,1471
2,1472
2,1473
2,1474
1,1475
1,1476
1,1477
1,1478
1,1479
2,1480
2,1481
2,1482
2,1483
2,1484
1,1485
1,1486
2,1487
1,1488
2,1489
1,1490
1,1491
1,1492
2,1493
2,1494
2,1495
1,1496
1,1497
2,1498
2,1499
2,1500
2,1501
2,1502
1,1503
1,1504
2,1505
2,1506
1,1507
1,1508
2,1509
2,1510
1,1511
1,1512
1,1513
2,1514
2,1515
1,1516
1,1517
1,1518
2,1519
1,1520
1,1521
2,1522
1,1523
1,1524
2,1525
2,1526
2,1527
2,1528
2,1529
2,1530
2,1531
1,1532
1,1533
1,1534
1,1535
1,1536
2,1537
1,1538
2,1539
1,1540
1,1541
2,1542
2,1543
2,1544
2,1545
1,1546
1,1547
1,1548
1,1549
2,1550
2,1551
1,1552
1,1553
2,1554
2,1555
2,1556
1,1557
2,1558
2,1559
2,1560
2,1561
2,1562
1,1563
1,1564
1,1565
2,1566
2,1567
1,1568
1,1569
1,1570
1,1571
2,1572
1,1573
2,1574
2,1575
2,1576
1,1577
1,1578
2,1579
1,1580
2,1581
2,1582
1,1583
1,1584
1,1585
2,1586
2,1587
1,1588
1,1589
2,1590
1,1591
1,1592
1,1593
2,1594
1,1595
2,1596
1,1597
2,1598
2,1599
2,1600
1,1601
1,1602
2,1603
2,1604
2,1605
1,1606
1,1607
1,1608
2,1609
1,1610
2,1611
2,1612
2,1613
1,1614
2,1615
2,1616
2,1617
2,1618
1,1619
1,1620
1,1621
2,1622
2,1623
2,1624
1,1625
2,1626
2,1627
2,1628
1,1629
1,1630
1,1631
2,1632
2,1633
2,1634
1,1635
2,1636
2,1637
1,1638
2,1639
2,1640
1,1641
2,1642
2,1643
1,1644
1,1645
2,1646
2,1647
1,1648
2,1649
1,1650
1,1651
2,1652
2,1653
1,1654
2,1655
2,1656
1,1657
1,1658
2,1659
2,1660
1,1661
1,1662
2,1663
2,1664
2,1665
1,1666
2,1667
1,1668
2,1669
2,1670
1,1671
2,1672
1,1673
2,1674
2,1675
2,1676
2,1677
2,1678
2,1679
2,1680
1,1681
1,1682
1,1683
2,1684
1,1685
1,1686
1,1687
1,1688
2,1689
1,1690
1,1691
2,1692
2,1693
2,1694
2,1695
2,1696
2,1697
2,1698
2,1699
1,1700
1,1701
1,1702
1,1703
2,1704
1,1705
2,1706
2,1707
1,1708
2,1709
2,1710
2,1711
2,1712
2,1713
2,1714
2,1715
2,1716
1,1717
1,1718
2,1719
1,1720
1,1721
2,1722
2,1723
2,1724
1,1725
2,1726
1,1727
1,1728
1,1729
2,1730
1,1731
2,1732
1,1733
2,1734
2,1735
2,1736
1,1737
1,1738
1,1739
1,1740
2,1741
1,1742
1,1743
1,1744
2,1745
2,1746
2,1747
2,1748
1,1749
2,1750
2,1751
1,1752
2,1753
1,1754
2,1755
1,1756
2,1757
2,1758
2,1759
1,1760
2,1761
1,1762
1,1763
2,1764
2,1765
2,1766
2,1767
1,1768
1,1769
1,1770
1,1771
1,1772
2,1773
1,1774
2,1775
1,1776
2,1777
2,1778
1,1779
1,1780
1,1781
2,1782
2,1783
1,1784
1,1785
1,1786
1,1787
2,1788
1,1789
1,1790
2,1791
1,1792
1,1793
1,1794
1,1795
1,1796
1,1797
1,1798
1,1799
1,1800
1,1801
1,1802
2,1803
2,1804
1,1805
2,1806
1,1807
2,1808
2,1809
1,1810
2,1811
1,1812
1,1813
2,1814
2,1815
2,1816
1,1817
2,1818
2,1819
1,1820
1,1821
1,1822
2,1823
2,1824
1,1825
1,1826
1,1827
1,1828
1,1829
2,1830
1,1831
1,1832
2,1833
2,1834
2,1835
1,1836
2,1837
1,1838
2,1839
1,1840
2,1841
1,1842
1,1843
1,1844
1,1845
1,1846
2,1847
1,1848
2,1849
1,1850
2,1851
2,1852
2,1853
2,1854
1,1855
1,1856
1,1857
1,1858
1,1859
1,1860
2,1861
2,1862
2,1863
1,1864
2,1865
2,1866
2,1867
1,1868
1,1869
1,1870
1,1871
2,1872
2,1873
2,1874
1,1875
2,1876
2,1877
1,1878
1,1879
1,1880
2,1881
1,1882
1,1883
1,1884
1,1885
2,1886
1,1887
2,1888
2,1889
2,1890
1,1891
1,1892
1,1893
1,1894
2,1895
1,1896
1,1897
1,1898
2,1899
2,1900
2,1901
2,1902
1,1903
2,1904
1,1905
1,1906
1,1907
2,1908
2,1909
2,1910
2,1911
1,1912
1,1913
1,1914
2,1915
2,1916
2,1917
2,1918
1,1919
2,1920
1,1921
2,1922
1,1923
1,1924
2,1925
2,1926
2,1927
2,1928
2,1929
1,1930
2,1931
2,1932
1,1933
2,1934
2,1935
2,1936
2,1937
1,1938
2,1939
1,1940
2,1941
2,1942
1,1943
1,1944
2,1945
1,1946
1,1947
2,1948
1,1949
2,1950
1,1951
1,1952
1,1953
2,1954
1,1955
2,1956
2,1957
1,1958
1,1959
1,1960
2,1961
1,1962
2,1963
2,1964
1,1965
2,1966
1,1967
1,1968
1,1969
2,1970
2,1971
2,1972
1,1973
1,1974
2,1975
2,1976
2,1977
1,1978
2,1979
2,1980
2,1981
1,1982
2,1983
1,1984
1,1985
1,1986
2,1987
2,1988
2,1989
1,1990
2,1991
2,1992
1,1993
1,1994
1,1995
2,1996
2,1997
2,1998
1,1999
1,2000
2,2001
2,2002
1,2003
1,2004
2,2005
1,2006
2,2007
2,2008
2,2009
2,2010
1,2011
1,2012
2,2013
2,2014
1,2015
2,2016
1,2017
2,2018
2,2019
2,2020
1,2021
1,2022
1,2023
1,2024
1,2025
2,2026
1,2027
1,2028
1,2029
1,2030
1,2031
1,2032
1,2033
1,2034
1,2035
2,2036
1,2037
2,2038
2,2039
1,2040
2,2041
2,2042
2,2043
2,2044
1,2045
1,2046
2,2047
1,2048
2,2049
2,2050
2,2051
1,2052
2,2053
1,2054
1,2055
1,2056
1,2057
1,2058
2,2059
2,2060
1,2061
2,2062
1,2063
1,2064
1,2065
2,2066
1,2067
1,2068
1,2069
1,2070
2,2071
1,2072
2,2073
2,2074
1,2075
1,2076
2,2077
2,2078
1,2079
1,2080
2,2081
2,2082
2,2083
1,2084
1,2085
1,2086
2,2087
1,2088
1,2089
2,2090
2,2091
2,2092
1,2093
1,2094
1,2095
2,2096
1,2097
2,2098
2,2099
2,2100
2,2101
1,2102
2,2103
1,2104
1,2105
1,2106
1,2107
1,2108
1,2109
2,2110
1,2111
1,2112
2,2113
2,2114
1,2115
2,2116
1,2117
2,2118
1,2119
2,2120
1,2121
1,2122
2,2123
2,2124
2,2125
1,2126
1,2127
1,2128
1,2129
2,2130
1,2131
1,2132
1,2133
2,2134
1,2135
2,2136
1,2137
2,2138
1,2139
1,2140
2,2141
1,2142
1,2143
2,2144
1,2145
2,2146
1,2147
2,2148
2,2149
2,2150
2,2151
2,2152
2,2153
2,2154
2,2155
2,2156
1,2157
2,2158
2,2159
1,2160
1,2161
1,2162
1,2163
1,2164
1,2165
2,2166
1,2167
2,2168
2,2169
1,2170
2,2171
1,2172
1,2173
2,2174
2,2175
1,2176
1,2177
1,2178
2,2179
2,2180
2,2181
1,2182
2,2183
1,2184
2,2185
2,2186
2,2187
2,2188
2,2189
1,2190
2,2191
1,2192
1,2193
2,2194
2,2195
2,2196
1,2197
1,2198
1,2199
2,2200
2,2201
2,2202
2,2203
2,2204
1,2205
2,2206
2,2207
1,2208
1,2209
2,2210
2,2211
1,2212
2,2213
2,2214
1,2215
1,2216
2,2217
2,2218
2,2219
1,2220
2,2221
1,2222
2,2223
1,2224
2,2225
2,2226
1,2227
2,2228
1,2229
1,2230
1,2231
2,2232
1,2233
1,2234
2,2235
2,2236
2,2237
2,2238
1,2239
2,2240
2,2241
2,2242
1,2243
2,2244
2,2245
2,2246
1,2247
1,2248
1,2249
1,2250
2,2251
2,2252
1,2253
1,2254
2,2255
2,2256
1,2257
1,2258
2,2259
2,2260
2,2261
2,2262
1,2263
2,2264
1,2265
2,2266
2,2267
2,2268
1,2269
2,2270
1,2271
2,2272
1,2273
1,2274
1,2275
1,2276
2,2277
2,2278
2,2279
1,2280
2,2281
2,2282
1,2283
2,2284
2,2285
2,2286
1,2287
2,2288
2,2289
1,2290
2,2291
1,2292
1,2293
1,2294
2,2295
1,2296
2,2297
1,2298
1,2299
2,2300
2,2301
2,2302
2,2303
1,2304
2,2305
1,2306
2,2307
2,2308
2,2309
1,2310
1,2311
1,2312
2,2313
1,2314
1,2315
1,2316
2,2317
1,2318
1,2319
1,2320
2,2321
2,2322
2,2323
2,2324
1,2325
2,2326
1,2327
2,2328
1,2329
1,2330
2,2331
1,2332
1,2333
1,2334
1,2335
2,2336
2,2337
2,2338
1,2339
1,2340
2,2341
1,2342
2,2343
1,2344
2,2345
1,2346
2,2347
2,2348
2,2349
2,2350
1,2351
1,2352
1,2353
1,2354
1,2355
2,2356
1,2357
2,2358
1,2359
2,2360
1,2361
1,2362
2,2363
2,2364
1,2365
1,2366
2,2367
1,2368
2,2369
1,2370
2,2371
1,2372
1,2373
1,2374
2,2375
1,2376
1,2377
2,2378
1,2379
1,2380
2,2381
2,2382
1,2383
1,2384
2,2385
2,2386
2,2387
1,2388
2,2389
2,2390
2,2391
2,2392
2,2393
2,2394
2,2395
2,2396
2,2397
2,2398
2,2399
2,2400
1,2401
2,2402
1,2403
2,2404
1,2405
1,2406
1,2407
2,2408
2,2409
2,2410
1,2411
2,2412
2,2413
1,2414
1,2415
2,2416
2,2417
2,2418
1,2419
1,2420
2,2421
2,2422
2,2423
2,2424
2,2425
1,2426
2,2427
1,2428
2,2429
1,2430
1,2431
2,2432
2,2433
2,2434
2,2435
1,2436
1,2437
2,2438
2,2439
1,2440
2,2441
1,2442
1,2443
1,2444
1,2445
2,2446
1,2447
2,2448
1,2449
1,2450
1,2451
2,2452
2,2453
1,2454
2,2455
1,2456
2,2457
1,2458
2,2459
2,2460
2,2461
2,2462
1,2463
2,2464
2,2465
1,2466
2,2467
2,2468
1,2469
1,2470
2,2471
2,2472
1,2473
2,2474
2,2475
1,2476
1,2477
2,2478
1,2479
1,2480
2,2481
2,2482
2,2483
2,2484
1,2485
2,2486
2,2487
2,2488
2,2489
2,2490
2,2491
2,2492
1,2493
1,2494
1,2495
1,2496
2,2497
2,2498
1,2499
1,2500
1,2501
2,2502
1,2503
1,2504
2,2505
1,2506
2,2507
2,2508
2,2509
1,2510
2,2511
1,2512
1,2513
1,2514
2,2515
2,2516
2,2517
2,2518
1,2519
2,2520
1,2521
2,2522
2,2523
1,2524
2,2525
1,2526
2,2527
1,2528
2,2529
2,2530
2,2531
2,2532
2,2533
2,2534
1,2535
2,2536
2,2537
2,2538
1,2539
1,2540
2,2541
2,2542
2,2543
2,2544
1,2545
1,2546
1,2547
1,2548
1,2549
1,2550
1,2551
1,2552
2,2553
1,2554
2,2555
2,2556
1,2557
1,2558
1,2559
2,2560
2,2561
1,2562
2,2563
2,2564
2,2565
1,2566
1,2567
2,2568
1,2569
1,2570
1,2571
2,2572
1,2573
1,2574
2,2575
1,2576
1,2577
2,2578
1,2579
1,2580
1,2581
2,2582
1,2583
2,2584
2,2585
1,2586
1,2587
2,2588
2,2589
1,2590
2,2591
2,2592
2,2593
1,2594
1,2595
1,2596
2,2597
1,2598
2,2599
1,2600
2,2601
1,2602
2,2603
1,2604
1,2605
2,2606
2,2607
1,2608
2,2609
1,2610
2,2611
2,2612
2,2613
2,2614
1,2615
1,2616
1,2617
2,2618
2,2619
2,2620
2,2621
2,2622
2,2623
2,2624
1,2625
1,2626
2,2627
1,2628
1,2629
2,2630
1,2631
1,2632
1,2633
2,2634
1,2635
1,2636
1,2637
1,2638
2,2639
1,2640
1,2641
2,2642
2,2643
2,2644
1,2645
2,2646
2,2647
1,2648
1,2649
2,2650
2,2651
2,2652
1,2653
2,2654
1,2655
2,2656
2,2657
1,2658
2,2659
2,2660
2,2661
2,2662
2,2663
1,2664
2,2665
1,2666
1,2667
1,2668
1,2669
1,2670
2,2671
2,2672
2,2673
1,2674
2,2675
1,2676
2,2677
1,2678
1,2679
1,2680
2,2681
2,2682
2,2683
1,2684
2,2685
1,2686
2,2687
1,2688
1,2689
2,2690
2,2691
2,2692
2,2693
1,2694
1,2695
2,2696
1,2697
2,2698
1,2699
1,2700
2,2701
1,2702
2,2703
2,2704
1,2705
1,2706
2,2707
2,2708
1,2709
1,2710
2,2711
2,2712
2,2713
1,2714
1,2715
2,2716
1,2717
1,2718
1,2719
1,2720
1,2721
1,2722
2,2723
1,2724
1,2725
2,2726
1,2727
2,2728
2,2729
2,2730
2,2731
1,2732
1,2733
1,2734
1,2735
2,2736
1,2737
1,2738
2,2739
1,2740
1,2741
2,2742
1,2743
1,2744
2,2745
2,2746
2,2747
2,2748
1,2749
1,2750
1,2751
2,2752
1,2753
2,2754
1,2755
2,2756
2,2757
1,2758
2,2759
2,2760
1,2761
1,2762
2,2763
1,2764
2,2765
1,2766
2,2767
1,2768
2,2769
1,2770
2,2771
1,2772
2,2773
1,2774
2,2775
1,2776
1,2777
2,2778
1,2779
1,2780
1,2781
1,2782
2,2783
1,2784
1,2785
1,2786
2,2787
2,2788
1,2789
1,2790
2,2791
1,2792
1,2793
2,2794
1,2795
1,2796
2,2797
1,2798
1,2799
2,2800
2,2801
1,2802
1,2803
2,2804
2,2805
1,2806
1,2807
2,2808
1,2809
1,2810
1,2811
2,2812
1,2813
1,2814
2,2815
1,2816
1,2817
2,2818
2,2819
2,2820
1,2821
1,2822
1,2823
1,2824
2,2825
1,2826
2,2827
1,2828
1,2829
2,2830
2,2831
1,2832
1,2833
1,2834
2,2835
1,2836
1,2837
1,2838
1,2839
2,2840
2,2841
1,2842
1,2843
2,2844
2,2845
1,2846
2,2847
2,2848
1,2849
2,2850
2,2851
1,2852
2,2853
2,2854
2,2855
2,2856
1,2857
1,2858
2,2859
1,2860
2,2861
2,2862
1,2863
2,2864
1,2865
2,2866
2,2867
2,2868
1,2869
1,2870
2,2871
1,2872
2,2873
2,2874
2,2875
2,2876
1,2877
1,2878
2,2879
1,2880
2,2881
2,2882
2,2883
1,2884
2,2885
1,2886
2,2887
1,2888
1,2889
1,2890
2,2891
1,2892
1,2893
1,2894
2,2895
2,2896
2,2897
1,2898
1,2899
2,2900
2,2901
1,2902
1,2903
2,2904
2,2905
2,2906
1,2907
1,2908
2,2909
1,2910
2,2911
1,2912
1,2913
1,2914
2,2915
1,2916
2,2917
1,2918
2,2919
1,2920
1,2921
1,2922
1,2923
1,2924
2,2925
1,2926
2,2927
1,2928
1,2929
1,2930
2,2931
1,2932
2,2933
1,2934
2,2935
1,2936
1,2937
2,2938
2,2939
1,2940
1,2941
1,2942
2,2943
2,2944
2,2945
1,2946
2,2947
2,2948
2,2949
2,2950
1,2951
2,2952
2,2953
1,2954
2,2955
2,2956
2,2957
1,2958
2,2959
1,2960
2,2961
1,2962
2,2963
1,2964
1,2965
2,2966
1,2967
1,2968
2,2969
2,2970
1,2971
2,2972
2,2973
2,2974
2,2975
1,2976
1,2977
2,2978
1,2979
1,2980
1,2981
1,2982
2,2983
1,2984
2,2985
2,2986
2,2987
1,2988
1,2989
2,2990
1,2991
1,2992
1,2993
2,2994
2,2995
2,2996
1,2997
1,2998
1,2999
1,3000
2,3001
2,3002
1,3003
1,3004
2,3005
2,3006
2,3007
2,3008
1,3009
2,3010
1,3011
1,3012
1,3013
2,3014
1,3015
2,3016
1,3017
2,3018
1,3019
2,3020
2,3021
2,3022
1,3023
2,3024
1,3025
2,3026
2,3027
1,3028
1,3029
1,3030
1,3031
2,3032
2,3033
2,3034
1,3035
2,3036
2,3037
2,3038
1,3039
2,3040
1,3041
2,3042
1,3043
1,3044
1,3045
1,3046
1,3047
1,3048
2,3049
2,3050
1,3051
2,3052
2,3053
2,3054
1,3055
1,3056
1,3057
2,3058
2,3059
2,3060
2,3061
1,3062
1,3063
1,3064
1,3065
2,3066
2,3067
2,3068
2,3069
1,3070
2,3071
2,3072
1,3073
1,3074
1,3075
1,3076
1,3077
2,3078
2,3079
2,3080
1,3081
2,3082
1,3083
2,3084
2,3085
1,3086
1,3087
2,3088
1,3089
1,3090
2,3091
2,3092
1,3093
2,3094
2,3095
1,3096
2,3097
1,3098
1,3099
1,3100
2,3101
1,3102
1,3103
2,3104
2,3105
2,3106
1,3107
1,3108
1,3109
1,3110
1,3111
2,3112
1,3113
2,3114
2,3115
1,3116
1,3117
2,3118
2,3119
2,3120
2,3121
1,3122
1,3123
2,3124
2,3125
1,3126
1,3127
2,3128
1,3129
1,3130
1,3131
1,3132
2,3133
1,3134
2,3135
2,3136
1,3137
2,3138
1,3139
2,3140
1,3141
1,3142
2,3143
1,3144
2,3145
1,3146
2,3147
2,3148
1,3149
1,3150
1,3151
2,3152
2,3153
2,3154
1,3155
1,3156
2,3157
1,3158
1,3159
2,3160
1,3161
2,3162
2,3163
2,3164
2,3165
2,3166
2,3167
2,3168
2,3169
2,3170
1,3171
1,3172
2,3173
2,3174
2,3175
2,3176
2,3177
1,3178
2,3179
1,3180
1,3181
2,3182
1,3183
2,3184
1,3185
1,3186
2,3187
1,3188
2,3189
2,3190
1,3191
1,3192
1,3193
1,3194
2,3195
1,3196
2,3197
2,3198
1,3199
2,3200
1,3201
1,3202
2,3203
1,3204
1,3205
2,3206
1,3207
2,3208
1,3209
2,3210
1,3211
2,3212
2,3213
2,3214
1,3215
1,3216
1,3217
2,3218
2,3219
2,3220
1,3221
1,3222
1,3223
1,3224
2,3225
1,3226
1,3227
1,3228
2,3229
1,3230
2,3231
1,3232
2,3233
1,3234
1,3235
1,3236
1,3237
1,3238
2,3239
1,3240
2,3241
2,3242
2,3243
1,3244
1,3245
1,3246
2,3247
1,3248
2,3249
1,3250
2,3251
1,3252
2,3253
2,3254
1,3255
1,3256
1,3257
1,3258
2,3259
1,3260
2,3261
2,3262
1,3263
1,3264
1,3265
2,3266
1,3267
2,3268
2,3269
2,3270
2,3271
1,3272
1,3273
1,3274
2,3275
2,3276
1,3277
1,3278
2,3279
2,3280
1,3281
1,3282
2,3283
2,3284
1,3285
2,3286
1,3287
2,3288
1,3289
1,3290
2,3291
1,3292
1,3293
1,3294
1,3295
1,3296
1,3297
2,3298
2,3299
2,3300
2,3301
2,3302
1,3303
2,3304
1,3305
2,3306
1,3307
1,3308
2,3309
2,3310
1,3311
1,3312
2,3313
2,3314
2,3315
2,3316
1,3317
1,3318
2,3319
1,3320
1,3321
2,3322
1,3323
1,3324
2,3325
1,3326
2,3327
2,3328
1,3329
1,3330
1,3331
1,3332
1,3333
1,3334
1,3335
1,3336
2,3337
2,3338
2,3339
1,3340
2,3341
2,3342
2,3343
2,3344
2,3345
2,3346
1,3347
2,3348
2,3349
1,3350
1,3351
1,3352
1,3353
1,3354
1,3355
2,3356
1,3357
1,3358
2,3359
2,3360
2,3361
1,3362
1,3363
2,3364
1,3365
1,3366
1,3367
1,3368
1,3369
1,3370
2,3371
1,3372
1,3373
2,3374
2,3375
2,3376
2,3377
2,3378
2,3379
2,3380
2,3381
2,3382
2,3383
1,3384
1,3385
1,3386
1,3387
1,3388
2,3389
1,3390
2,3391
1,3392
1,3393
2,3394
2,3395
2,3396
2,3397
2,3398
2,3399
2,3400
1,3401
2,3402
2,3403
2,3404
1,3405
2,3406
2,3407
2,3408
1,3409
1,3410
2,3411
1,3412
2,3413
2,3414
2,3415
1,3416
1,3417
2,3418
2,3419
1,3420
2,3421
1,3422
2,3423
1,3424
1,3425
1,3426
1,3427
1,3428
1,3429
2,3430
1,3431
1,3432
2,3433
2,3434
1,3435
2,3436
1,3437
2,3438
2,3439
2,3440
2,3441
1,3442
1,3443
2,3444
1,3445
1,3446
1,3447
1,3448
2,3449
2,3450
2,3451
2,3452
1,3453
2,3454
1,3455
2,3456
2,3457
2,3458
1,3459
1,3460
1,3461
2,3462
2,3463
1,3464
2,3465
2,3466
2,3467
2,3468
1,3469
2,3470
1,3471
2,3472
2,3473
2,3474
2,3475
2,3476
1,3477
1,3478
1,3479
2,3480
1,3481
1,3482
2,3483
2,3484
1,3485
2,3486
2,3487
2,3488
2,3489
1,3490
1,3491
2,3492
2,3493
2,3494
1,3495
2,3496
1,3497
2,3498
2,3499
1,3500
2,3501
1,3502
2,3503
1,3504
1,3505
1,3506
1,3507
2,3508
1,3509
1,3510
1,3511
1,3512
2,3513
1,3514
1,3515
1,3516
2,3517
2,3518
1,3519
1,3520
1,3521
2,3522
2,3523
2,3524
2,3525
1,3526
2,3527
1,3528
1,3529
2,3530
1,3531
2,3532
1,3533
1,3534
1,3535
1,3536
2,3537
2,3538
2,3539
2,3540
2,3541
1,3542
1,3543
1,3544
2,3545
1,3546
2,3547
1,3548
2,3549
1,3550
2,3551
1,3552
1,3553
1,3554
1,3555
1,3556
2,3557
1,3558
2,3559
2,3560
1,3561
2,3562
1,3563
1,3564
2,3565
1,3566
2,3567
2,3568
1,3569
2,3570
1,3571
2,3572
2,3573
2,3574
2,3575
1,3576
1,3577
2,3578
1,3579
1,3580
2,3581
1,3582
1,3583
2,3584
2,3585
1,3586
2,3587
1,3588
1,3589
2,3590
1,3591
1,3592
1,3593
1,3594
1,3595
2,3596
1,3597
2,3598
1,3599
1,3600
1,3601
1,3602
2,3603
1,3604
1,3605
2,3606
2,3607
2,3608
2,3609
1,3610
1,3611
1,3612
1,3613
1,3614
1,3615
1,3616
2,3617
2,3618
1,3619
1,3620
2,3621
1,3622
2,3623
1,3624
2,3625
1,3626
1,3627
2,3628
1,3629
1,3630
2,3631
1,3632
2,3633
1,3634
1,3635
1,3636
1,3637
1,3638
2,3639
1,3640
1,3641
2,3642
2,3643
1,3644
2,3645
1,3646
1,3647
1,3648
1,3649
2,3650
2,3651
1,3652
1,3653
2,3654
2,3655
1,3656
1,3657
1,3658
2,3659
2,3660
1,3661
1,3662
2,3663
1,3664
1,3665
2,3666
2,3667
1,3668
1,3669
1,3670
2,3671
1,3672
2,3673
2,3674
1,3675
1,3676
1,3677
1,3678
1,3679
2,3680
2,3681
1,3682
1,3683
2,3684
2,3685
1,3686
2,3687
2,3688
1,3689
1,3690
1,3691
2,3692
1,3693
2,3694
1,3695
1,3696
1,3697
2,3698
1,3699
2,3700
2,3701
1,3702
2,3703
2,3704
1,3705
1,3706
2,3707
2,3708
1,3709
2,3710
1,3711
2,3712
2,3713
2,3714
1,3715
1,3716
2,3717
1,3718
1,3719
1,3720
2,3721
1,3722
1,3723
1,3724
1,3725
2,3726
2,3727
1,3728
2,3729
2,3730
2,3731
1,3732
2,3733
2,3734
2,3735
1,3736
1,3737
1,3738
2,3739
1,3740
2,3741
1,3742
2,3743
1,3744
1,3745
2,3746
1,3747
2,3748
2,3749
1,3750
1,3751
1,3752
2,3753
1,3754
1,3755
2,3756
1,3757
2,3758
1,3759
1,3760
2,3761
2,3762
2,3763
2,3764
2,3765
2,3766
1,3767
1,3768
1,3769
1,3770
2,3771
2,3772
1,3773
2,3774
2,3775
1,3776
2,3777
2,3778
1,3779
1,3780
1,3781
2,3782
1,3783
1,3784
1,3785
2,3786
2,3787
2,3788
1,3789
1,3790
1,3791
1,3792
1,3793
2,3794
2,3795
2,3796
2,3797
1,3798
2,3799
2,3800
2,3801
2,3802
1,3803
1,3804
1,3805
2,3806
2,3807
1,3808
2,3809
1,3810
1,3811
2,3812
1,3813
1,3814
2,3815
1,3816
1,3817
2,3818
1,3819
1,3820
1,3821
2,3822
1,3823
2,3824
2,3825
1,3826
2,3827
1,3828
2,3829
1,3830
2,3831
1,3832
2,3833
2,3834
2,3835
2,3836
2,3837
2,3838
2,3839
2,3840
1,3841
2,3842
1,3843
2,3844
2,3845
1,3846
1,3847
2,3848
2,3849
2,3850
2,3851
2,3852
1,3853
2,3854
1,3855
1,3856
1,3857
2,3858
2,3859
1,3860
2,3861
2,3862
1,3863
1,3864
2,3865
1,3866
1,3867
1,3868
1,3869
1,3870
2,3871
1,3872
1,3873
2,3874
2,3875
1,3876
1,3877
1,3878
1,3879
2,3880
2,3881
2,3882
1,3883
1,3884
2,3885
1,3886
1,3887
2,3888
1,3889
1,3890
1,3891
1,3892
1,3893
1,3894
2,3895
1,3896
2,3897
1,3898
2,3899
1,3900
1,3901
1,3902
1,3903
1,3904
2,3905
1,3906
2,3907
1,3908
2,3909
2,3910
1,3911
1,3912
2,3913
1,3914
1,3915
1,3916
1,3917
1,3918
1,3919
1,3920
1,3921
2,3922
1,3923
2,3924
2,3925
2,3926
2,3927
2,3928
2,3929
1,3930
1,3931
2,3932
2,3933
2,3934
2,3935
2,3936
1,3937
1,3938
2,3939
2,3940
1,3941
1,3942
1,3943
2,3944
1,3945
2,3946
1,3947
2,3948
2,3949
2,3950
2,3951
1,3952
1,3953
1,3954
1,3955
1,3956
2,3957
2,3958
2,3959
1,3960
2,3961
2,3962
1,3963
2,3964
1,3965
2,3966
1,3967
2,3968
1,3969
1,3970
2,3971
2,3972
2,3973
2,3974
1,3975
2,3976
2,3977
1,3978
1,3979
2,3980
1,3981
1,3982
2,3983
1,3984
1,3985
1,3986
1,3987
2,3988
2,3989
2,3990
1,3991
2,3992
2,3993
2,3994
2,3995
1,3996
1,3997
1,3998
2,3999
2,4000
2,4001
1,4002
2,4003
2,4004
1,4005
2,4006
2,4007
2,4008
1,4009
1,4010
2,4011
1,4012
1,4013
2,4014
1,4015
2,4016
2,4017
2,4018
1,4019
1,4020
2,4021
2,4022
2,4023
1,4024
2,4025
1,4026
1,4027
1,4028
2,4029
2,4030
2,4031
1,4032
2,4033
1,4034
1,4035
1,4036
2,4037
2,4038
2,4039
1,4040
1,4041
1,4042
2,4043
1,4044
2,4045
2,4046
1,4047
2,4048
1,4049
2,4050
1,4051
2,4052
1,4053
2,4054
2,4055
1,4056
2,4057
1,4058
1,4059
2,4060
1,4061
1,4062
2,4063
2,4064
2,4065
2,4066
1,4067
2,4068
1,4069
2,4070
1,4071
1,4072
1,4073
1,4074
2,4075
2,4076
2,4077
2,4078
1,4079
2,4080
1,4081
2,4082
1,4083
2,4084
2,4085
1,4086
2,4087
2,4088
2,4089
2,4090
2,4091
1,4092
2,4093
2,4094
1,4095
1,4096
2,4097
2,4098
1,4099
1,4100
1,4101
1,4102
2,4103
2,4104
1,4105
2,4106
2,4107
1,4108
2,4109
1,4110
1,4111
2,4112
2,4113
2,4114
2,4115
2,4116
1,4117
1,4118
1,4119
2,4120
1,4121
1,4122
2,4123
1,4124
2,4125
1,4126
2,4127
2,4128
1,4129
2,4130
1,4131
1,4132
2,4133
2,4134
1,4135
2,4136
2,4137
1,4138
2,4139
1,4140
2,4141
1,4142
1,4143
1,4144
1,4145
1,4146
1,4147
1,4148
1,4149
2,4150
2,4151
2,4152
1,4153
2,4154
2,4155
1,4156
2,4157
2,4158
1,4159
2,4160
2,4161
2,4162
2,4163
2,4164
2,4165
2,4166
2,4167
1,4168
2,4169
2,4170
2,4171
2,4172
2,4173
1,4174
2,4175
2,4176
1,4177
1,4178
1,4179
2,4180
1,4181
1,4182
1,4183
1,4184
1,4185
1,4186
1,4187
2,4188
1,4189
1,4190
1,4191
2,4192
1,4193
1,4194
1,4195
2,4196
2,4197
2,4198
2,4199
1,4200
2,4201
2,4202
1,4203
1,4204
1,4205
1,4206
1,4207
2,4208
2,4209
1,4210
1,4211
2,4212
1,4213
1,4214
2,4215
2,4216
1,4217
2,4218
1,4219
1,4220
1,4221
1,4222
1,4223
2,4224
2,4225
1,4226
1,4227
1,4228
1,4229
1,4230
1,4231
2,4232
2,4233
1,4234
1,4235
1,4236
2,4237
1,4238
2,4239
2,4240
1,4241
1,4242
1,4243
2,4244
1,4245
2,4246
1,4247
1,4248
1,4249
1,4250
2,4251
2,4252
2,4253
1,4254
2,4255
1,4256
1,4257
1,4258
1,4259
2,4260
2,4261
1,4262
2,4263
2,4264
2,4265
2,4266
1,4267
2,4268
2,4269
2,4270
2,4271
1,4272
1,4273
1,4274
2,4275
2,4276
2,4277
1,4278
1,4279
2,4280
2,4281
1,4282
1,4283
2,4284
1,4285
2,4286
1,4287
2,4288
2,4289
1,4290
1,4291
2,4292
1,4293
1,4294
1,4295
1,4296
2,4297
2,4298
1,4299
2,4300
2,4301
1,4302
1,4303
2,4304
1,4305
2,4306
2,4307
1,4308
2,4309
2,4310
2,4311
2,4312
2,4313
2,4314
2,4315
2,4316
2,4317
1,4318
2,4319
2,4320
2,4321
1,4322
1,4323
2,4324
2,4325
2,4326
2,4327
1,4328
1,4329
1,4330
1,4331
2,4332
2,4333
1,4334
1,4335
1,4336
2,4337
2,4338
2,4339
1,4340
1,4341
2,4342
1,4343
1,4344
2,4345
1,4346
2,4347
1,4348
2,4349
2,4350
2,4351
2,4352
1,4353
2,4354
2,4355
1,4356
1,4357
1,4358
2,4359
2,4360
1,4361
1,4362
2,4363
1,4364
2,4365
2,4366
2,4367
1,4368
1,4369
2,4370
2,4371
1,4372
2,4373
1,4374
1,4375
1,4376
2,4377
1,4378
1,4379
1,4380
1,4381
2,4382
2,4383
2,4384
2,4385
1,4386
2,4387
2,4388
1,4389
1,4390
1,4391
1,4392
2,4393
1,4394
2,4395
2,4396
2,4397
1,4398
2,4399
1,4400
2,4401
2,4402
2,4403
2,4404
2,4405
2,4406
2,4407
2,4408
1,4409
1,4410
2,4411
2,4412
1,4413
1,4414
1,4415
1,4416
1,4417
1,4418
1,4419
1,4420
1,4421
2,4422
2,4423
2,4424
2,4425
1,4426
2,4427
1,4428
1,4429
2,4430
2,4431
1,4432
1,4433
2,4434
2,4435
1,4436
2,4437
2,4438
1,4439
2,4440
1,4441
2,4442
1,4443
2,4444
2,4445
1,4446
1,4447
1,4448
2,4449
2,4450
2,4451
1,4452
2,4453
2,4454
1,4455
1,4456
1,4457
2,4458
1,4459
1,4460
2,4461
2,4462
2,4463
1,4464
2,4465
2,4466
2,4467
2,4468
1,4469
1,4470
1,4471
1,4472
2,4473
2,4474
1,4475
2,4476
1,4477
2,4478
1,4479
1,4480
2,4481
2,4482
2,4483
2,4484
2,4485
1,4486
2,4487
1,4488
2,4489
1,4490
2,4491
2,4492
2,4493
1,4494
2,4495
1,4496
1,4497
1,4498
1,4499
1,4500
2,4501
2,4502
2,4503
1,4504
2,4505
1,4506
1,4507
2,4508
2,4509
2,4510
1,4511
1,4512
1,4513
2,4514
2,4515
2,4516
2,4517
1,4518
2,4519
2,4520
1,4521
1,4522
1,4523
1,4524
1,4525
2,4526
2,4527
1,4528
2,4529
1,4530
1,4531
2,4532
1,4533
2,4534
1,4535
1,4536
2,4537
2,4538
2,4539
2,4540
1,4541
1,4542
2,4543
1,4544
2,4545
2,4546
2,4547
1,4548
1,4549
2,4550
2,4551
2,4552
2,4553
1,4554
1,4555
1,4556
1,4557
1,4558
2,4559
2,4560
1,4561
1,4562
2,4563
1,4564
2,4565
1,4566
2,4567
1,4568
1,4569
1,4570
2,4571
2,4572
2,4573
1,4574
2,4575
1,4576
1,4577
1,4578
1,4579
2,4580
1,4581
1,4582
1,4583
2,4584
2,4585
2,4586
2,4587
1,4588
1,4589
1,4590
2,4591
1,4592
2,4593
1,4594
2,4595
1,4596
1,4597
2,4598
2,4599
2,4600
2,4601
2,4602
1,4603
1,4604
2,4605
2,4606
1,4607
1,4608
2,4609
1,4610
2,4611
2,4612
2,4613
2,4614
2,4615
2,4616
1,4617
1,4618
1,4619
1,4620
2,4621
1,4622
1,4623
2,4624
2,4625
1,4626
2,4627
2,4628
1,4629
2,4630
1,4631
2,4632
1,4633
2,4634
1,4635
2,4636
2,4637
1,4638
2,4639
2,4640
1,4641
1,4642
2,4643
2,4644
2,4645
2,4646
2,4647
2,4648
1,4649
1,4650
1,4651
1,4652
1,4653
1,4654
2,4655
1,4656
2,4657
2,4658
1,4659
2,4660
1,4661
1,4662
2,4663
2,4664
1,4665
1,4666
2,4667
2,4668
2,4669
2,4670
2,4671
1,4672
1,4673
1,4674
2,4675
2,4676
2,4677
1,4678
2,4679
1,4680
1,4681
2,4682
1,4683
2,4684
2,4685
1,4686
1,4687
2,4688
2,4689
1,4690
2,4691
2,4692
2,4693
1,4694
1,4695
1,4696
1,4697
1,4698
2,4699
1,4700
2,4701
2,4702
2,4703
1,4704
1,4705
2,4706
1,4707
2,4708
1,4709
1,4710
1,4711
1,4712
1,4713
1,4714
1,4715
2,4716
1,4717
1,4718
2,4719
2,4720
1,4721
1,4722
1,4723
1,4724
2,4725
2,4726
1,4727
1,4728
2,4729
2,4730
1,4731
1,4732
1,4733
1,4734
2,4735
2,4736
1,4737
1,4738
1,4739
2,4740
2,4741
2,4742
2,4743
2,4744
1,4745
1,4746
2,4747
2,4748
2,4749
2,4750
1,4751
1,4752
2,4753
2,4754
1,4755
1,4756
2,4757
2,4758
1,4759
1,4760
2,4761
2,4762
1,4763
1,4764
2,4765
1,4766
1,4767
1,4768
1,4769
1,4770
1,4771
1,4772
1,4773
2,4774
2,4775
1,4776
1,4777
2,4778
2,4779
1,4780
1,4781
1,4782
2,4783
2,4784
1,4785
2,4786
1,4787
1,4788
1,4789
1,4790
2,4791
1,4792
2,4793
1,4794
2,4795
2,4796
2,4797
1,4798
1,4799
2,4800
2,4801
1,4802
2,4803
2,4804
1,4805
1,4806
2,4807
2,4808
2,4809
1,4810
2,4811
1,4812
2,4813
1,4814
2,4815
1,4816
2,4817
2,4818
2,4819
2,4820
1,4821
1,4822
1,4823
2,4824
2,4825
2,4826
2,4827
1,4828
2,4829
1,4830
2,4831
1,4832
2,4833
2,4834
1,4835
1,4836
1,4837
2,4838
1,4839
2,4840
2,4841
2,4842
2,4843
2,4844
2,4845
2,4846
2,4847
2,4848
1,4849
2,4850
1,4851
1,4852
1,4853
2,4854
1,4855
2,4856
2,4857
1,4858
2,4859
2,4860
2,4861
1,4862
1,4863
1,4864
1,4865
2,4866
2,4867
1,4868
2,4869
2,4870
2,4871
1,4872
1,4873
2,4874
2,4875
1,4876
1,4877
1,4878
1,4879
2,4880
1,4881
1,4882
1,4883
2,4884
1,4885
2,4886
2,4887
1,4888
2,4889
1,4890
2,4891
1,4892
1,4893
2,4894
1,4895
2,4896
2,4897
1,4898
2,4899
1,4900
1,4901
1,4902
2,4903
1,4904
2,4905
2,4906
1,4907
2,4908
2,4909
2,4910
2,4911
1,4912
1,4913
2,4914
1,4915
1,4916
2,4917
2,4918
2,4919
1,4920
1,4921
2,4922
2,4923
1,4924
2,4925
1,4926
1,4927
2,4928
2,4929
1,4930
2,4931
2,4932
1,4933
2,4934
2,4935
2,4936
2,4937
1,4938
1,4939
1,4940
1,4941
2,4942
2,4943
1,4944
1,4945
1,4946
1,4947
2,4948
1,4949
2,4950
1,4951
2,4952
2,4953
2,4954
2,4955
2,4956
2,4957
1,4958
1,4959
2,4960
2,4961
2,4962
1,4963
2,4964
1,4965
2,4966
2,4967
2,4968
2,4969
1,4970
2,4971
1,4972
1,4973
2,4974
1,4975
2,4976
2,4977
2,4978
2,4979
2,4980
1,4981
2,4982
2,4983
1,4984
1,4985
2,4986
2,4987
1,4988
2,4989
2,4990
1,4991
2,4992
2,4993
1,4994
1,4995
2,4996
2,4997
2,4998
1,4999
1,5000
2,5001
1,5002
2,5003
1,5004
2,5005
1,5006
2,5007
1,5008
1,5009
1,5010
1,5011
2,5012
1,5013
2,5014
2,5015
2,5016
2,5017
1,5018
2,5019
2,5020
2,5021
1,5022
1,5023
2,5024
2,5025
1,5026
2,5027
1,5028
1,5029
1,5030
2,5031
2,5032
2,5033
2,5034
2,5035
1,5036
2,5037
2,5038
2,5039
2,5040
1,5041
1,5042
1,5043
2,5044
1,5045
2,5046
1,5047
2,5048
1,5049
1,5050
1,5051
2,5052
2,5053
2,5054
1,5055
1,5056
1,5057
2,5058
2,5059
2,5060
2,5061
1,5062
1,5063
1,5064
1,5065
1,5066
1,5067
1,5068
1,5069
2,5070
1,5071
2,5072
1,5073
1,5074
2,5075
2,5076
2,5077
2,5078
2,5079
2,5080
1,5081
2,5082
2,5083
1,5084
1,5085
2,5086
1,5087
2,5088
1,5089
2,5090
1,5091
1,5092
2,5093
2,5094
2,5095
2,5096
2,5097
2,5098
1,5099
2,5100
1,5101
2,5102
2,5103
1,5104
2,5105
2,5106
2,5107
1,5108
2,5109
1,5110
1,5111
1,5112
2,5113
1,5114
1,5115
1,5116
2,5117
1,5118
2,5119
2,5120
2,5121
1,5122
1,5123
2,5124
2,5125
1,5126
1,5127
2,5128
2,5129
2,5130
2,5131
2,5132
2,5133
2,5134
2,5135
1,5136
1,5137
2,5138
1,5139
2,5140
2,5141
1,5142
1,5143
2,5144
1,5145
1,5146
1,5147
2,5148
2,5149
2,5150
2,5151
1,5152
2,5153
2,5154
1,5155
2,5156
2,5157
1,5158
2,5159
2,5160
1,5161
1,5162
1,5163
2,5164
2,5165
1,5166
2,5167
2,5168
1,5169
1,5170
2,5171
1,5172
1,5173
2,5174
2,5175
2,5176
1,5177
2,5178
1,5179
1,5180
1,5181
2,5182
1,5183
1,5184
2,5185
2,5186
1,5187
1,5188
2,5189
2,5190
2,5191
2,5192
2,5193
1,5194
1,5195
2,5196
2,5197
2,5198
2,5199
1,5200
1,5201
2,5202
1,5203
2,5204
1,5205
1,5206
1,5207
2,5208
2,5209
1,5210
1,5211
1,5212
1,5213
2,5214
2,5215
2,5216
2,5217
1,5218
1,5219
1,5220
1,5221
2,5222
2,5223
1,5224
1,5225
1,5226
1,5227
1,5228
2,5229
1,5230
2,5231
2,5232
2,5233
1,5234
2,5235
2,5236
2,5237
2,5238
2,5239
1,5240
2,5241
1,5242
1,5243
2,5244
1,5245
2,5246
2,5247
2,5248
2,5249
2,5250
2,5251
2,5252
2,5253
2,5254
2,5255
2,5256
1,5257
1,5258
2,5259
2,5260
2,5261
2,5262
1,5263
1,5264
1,5265
2,5266
1,5267
2,5268
1,5269
1,5270
2,5271
2,5272
1,5273
1,5274
1,5275
1,5276
1,5277
1,5278
2,5279
2,5280
2,5281
1,5282
2,5283
2,5284
2,5285
2,5286
2,5287
1,5288
1,5289
2,5290
2,5291
1,5292
1,5293
1,5294
1,5295
2,5296
2,5297
1,5298
1,5299
2,5300
2,5301
2,5302
1,5303
1,5304
1,5305
1,5306
1,5307
2,5308
1,5309
1,5310
1,5311
1,5312
1,5313
2,5314
1,5315
2,5316
1,5317
2,5318
1,5319
2,5320
1,5321
1,5322
2,5323
2,5324
1,5325
2,5326
1,5327
1,5328
1,5329
1,5330
1,5331
2,5332
1,5333
1,5334
1,5335
1,5336
1,5337
2,5338
2,5339
2,5340
1,5341
1,5342
2,5343
1,5344
1,5345
1,5346
2,5347
2,5348
2,5349
2,5350
2,5351
2,5352
2,5353
1,5354
1,5355
1,5356
1,5357
2,5358
2,5359
1,5360
2,5361
1,5362
1,5363
1,5364
2,5365
2,5366
1,5367
1,5368
2,5369
2,5370
2,5371
2,5372
2,5373
2,5374
2,5375
2,5376
2,5377
1,5378
1,5379
1,5380
1,5381
1,5382
1,5383
1,5384
2,5385
1,5386
1,5387
2,5388
2,5389
1,5390
2,5391
2,5392
2,5393
1,5394
2,5395
1,5396
1,5397
1,5398
2,5399
1,5400
1,5401
1,5402
1,5403
1,5404
2,5405
2,5406
1,5407
1,5408
1,5409
2,5410
1,5411
1,5412
2,5413
2,5414
2,5415
1,5416
1,5417
2,5418
1,5419
1,5420
2,5421
2,5422
2,5423
1,5424
2,5425
1,5426
1,5427
2,5428
1,5429
2,5430
2,5431
1,5432
1,5433
1,5434
2,5435
2,5436
1,5437
2,5438
2,5439
1,5440
1,5441
2,5442
2,5443
2,5444
2,5445
2,5446
1,5447
2,5448
2,5449
1,5450
1,5451
1,5452
1,5453
1,5454
1,5455
1,5456
2,5457
2,5458
1,5459
2,5460
1,5461
2,5462
2,5463
1,5464
1,5465
1,5466
1,5467
1,5468
1,5469
2,5470
1,5471
1,5472
1,5473
1,5474
2,5475
2,5476
1,5477
1,5478
2,5479
2,5480
2,5481
1,5482
1,5483
1,5484
1,5485
2,5486
1,5487
1,5488
1,5489
1,5490
2,5491
1,5492
2,5493
1,5494
1,5495
1,5496
1,5497
1,5498
2,5499
2,5500
2,5501
2,5502
1,5503
1,5504
1,5505
1,5506
2,5507
1,5508
1,5509
2,5510
1,5511
1,5512
2,5513
2,5514
2,5515
2,5516
2,5517
2,5518
1,5519
1,5520
2,5521
1,5522
2,5523
2,5524
1,5525
1,5526
2,5527
2,5528
2,5529
1,5530
2,5531
1,5532
1,5533
1,5534
1,5535
1,5536
2,5537
2,5538
2,5539
2,5540
1,5541
2,5542
1,5543
1,5544
2,5545
1,5546
2,5547
1,5548
2,5549
1,5550
2,5551
2,5552
1,5553
1,5554
1,5555
2,5556
2,5557
2,5558
1,5559
1,5560
2,5561
2,5562
1,5563
2,5564
1,5565
1,5566
2,5567
1,5568
1,5569
2,5570
2,5571
2,5572
1,5573
1,5574
1,5575
1,5576
2,5577
1,5578
1,5579
1,5580
2,5581
1,5582
1,5583
2,5584
2,5585
1,5586
2,5587
1,5588
1,5589
2,5590
2,5591
2,5592
2,5593
1,5594
2,5595
2,5596
2,5597
2,5598
2,5599
2,5600
2,5601
2,5602
1,5603
1,5604
1,5605
2,5606
2,5607
2,5608
1,5609
1,5610
2,5611
2,5612
2,5613
1,5614
2,5615
1,5616
1,5617
2,5618
2,5619
1,5620
2,5621
2,5622
2,5623
2,5624
2,5625
2,5626
1,5627
2,5628
1,5629
1,5630
2,5631
1,5632
1,5633
2,5634
1,5635
1,5636
2,5637
1,5638
1,5639
2,5640
2,5641
1,5642
2,5643
1,5644
1,5645
1,5646
1,5647
2,5648
1,5649
2,5650
1,5651
1,5652
1,5653
2,5654
1,5655
1,5656
2,5657
1,5658
2,5659
2,5660
2,5661
1,5662
2,5663
1,5664
1,5665
2,5666
1,5667
1,5668
2,5669
1,5670
1,5671
2,5672
2,5673
2,5674
1,5675
1,5676
2,5677
1,5678
1,5679
2,5680
2,5681
1,5682
2,5683
2,5684
1,5685
1,5686
1,5687
2,5688
1,5689
2,5690
2,5691
1,5692
1,5693
1,5694
2,5695
1,5696
1,5697
1,5698
1,5699
2,5700
1,5701
2,5702
2,5703
1,5704
2,5705
1,5706
1,5707
2,5708
1,5709
1,5710
1,5711
2,5712
1,5713
1,5714
1,5715
2,5716
2,5717
1,5718
1,5719
2,5720
1,5721
2,5722
2,5723
2,5724
2,5725
2,5726
1,5727
2,5728
2,5729
2,5730
2,5731
1,5732
2,5733
2,5734
2,5735
2,5736
2,5737
1,5738
2,5739
1,5740
1,5741
2,5742
1,5743
2,5744
2,5745
1,5746
1,5747
1,5748
2,5749
2,5750
1,5751
1,5752
2,5753
2,5754
2,5755
1,5756
1,5757
2,5758
2,5759
1,5760
2,5761
1,5762
2,5763
1,5764
1,5765
2,5766
1,5767
1,5768
1,5769
2,5770
1,5771
1,5772
2,5773
2,5774
2,5775
1,5776
2,5777
1,5778
1,5779
1,5780
1,5781
2,5782
2,5783
1,5784
2,5785
2,5786
1,5787
2,5788
1,5789
1,5790
2,5791
2,5792
1,5793
1,5794
1,5795
1,5796
1,5797
2,5798
1,5799
2,5800
2,5801
1,5802
2,5803
2,5804
2,5805
1,5806
1,5807
2,5808
2,5809
1,5810
1,5811
1,5812
1,5813
1,5814
2,5815
2,5816
2,5817
2,5818
2,5819
2,5820
1,5821
2,5822
1,5823
2,5824
2,5825
2,5826
1,5827
2,5828
2,5829
1,5830
1,5831
1,5832
1,5833
1,5834
1,5835
1,5836
2,5837
2,5838
2,5839
1,5840
2,5841
1,5842
1,5843
1,5844
2,5845
2,5846
1,5847
2,5848
2,5849
2,5850
1,5851
1,5852
2,5853
2,5854
1,5855
2,5856
2,5857
1,5858
2,5859
2,5860
2,5861
1,5862
2,5863
2,5864
1,5865
2,5866
1,5867
1,5868
1,5869
1,5870
1,5871
1,5872
2,5873
2,5874
2,5875
2,5876
2,5877
1,5878
2,5879
1,5880
1,5881
2,5882
2,5883
1,5884
2,5885
2,5886
2,5887
2,5888
2,5889
2,5890
1,5891
2,5892
1,5893
1,5894
2,5895
1,5896
1,5897
2,5898
2,5899
1,5900
1,5901
2,5902
2,5903
1,5904
2,5905
2,5906
2,5907
1,5908
2,5909
2,5910
2,5911
2,5912
2,5913
2,5914
1,5915
2,5916
2,5917
1,5918
2,5919
2,5920
2,5921
2,5922
2,5923
1,5924
2,5925
2,5926
1,5927
1,5928
1,5929
1,5930
1,5931
1,5932
2,5933
2,5934
1,5935
2,5936
1,5937
1,5938
2,5939
2,5940
1,5941
2,5942
2,5943
1,5944
1,5945
2,5946
1,5947
2,5948
1,5949
1,5950
2,5951
1,5952
1,5953
1,5954
2,5955
2,5956
2,5957
1,5958
1,5959
2,5960
2,5961
2,5962
1,5963
1,5964
2,5965
1,5966
1,5967
1,5968
2,5969
1,5970
1,5971
1,5972
2,5973
2,5974
2,5975
2,5976
1,5977
1,5978
1,5979
1,5980
2,5981
2,5982
1,5983
2,5984
2,5985
1,5986
2,5987
1,5988
1,5989
1,5990
2,5991
1,5992
1,5993
1,5994
2,5995
1,5996
2,5997
1,5998
1,5999
1,6000
2,6001
2,6002
2,6003
2,6004
2,6005
2,6006
2,6007
2,6008
1,6009
2,6010
1,6011
1,6012
1,6013
1,6014
1,6015
1,6016
2,6017
2,6018
2,6019
1,6020
2,6021
2,6022
2,6023
2,6024
1,6025
1,6026
2,6027
1,6028
1,6029
2,6030
2,6031
2,6032
1,6033
1,6034
1,6035
2,6036
1,6037
2,6038
2,6039
2,6040
1,6041
1,6042
1,6043
2,6044
1,6045
2,6046
1,6047
2,6048
1,6049
2,6050
2,6051
2,6052
2,6053
1,6054
1,6055
2,6056
2,6057
1,6058
1,6059
1,6060
2,6061
1,6062
1,6063
1,6064
2,6065
2,6066
2,6067
2,6068
2,6069
1,6070
2,6071
2,6072
1,6073
1,6074
1,6075
1,6076
2,6077
2,6078
1,6079
2,6080
1,6081
1,6082
2,6083
2,6084
2,6085
1,6086
2,6087
2,6088
1,6089
1,6090
2,6091
2,6092
1,6093
2,6094
1,6095
1,6096
1,6097
2,6098
2,6099
2,6100
2,6101
1,6102
2,6103
1,6104
1,6105
2,6106
2,6107
1,6108
1,6109
2,6110
2,6111
1,6112
1,6113
2,6114
1,6115
2,6116
1,6117
2,6118
2,6119
2,6120
1,6121
2,6122
1,6123
1,6124
1,6125
1,6126
1,6127
1,6128
2,6129
2,6130
2,6131
1,6132
2,6133
1,6134
1,6135
1,6136
1,6137
2,6138
2,6139
2,6140
1,6141
2,6142
1,6143
1,6144
1,6145
1,6146
1,6147
1,6148
1,6149
1,6150
1,6151
2,6152
2,6153
1,6154
2,6155
1,6156
2,6157
1,6158
1,6159
2,6160
1,6161
2,6162
2,6163
2,6164
2,6165
2,6166
2,6167
2,6168
1,6169
2,6170
2,6171
1,6172
1,6173
2,6174
1,6175
2,6176
1,6177
2,6178
2,6179
2,6180
1,6181
2,6182
1,6183
2,6184
1,6185
2,6186
2,6187
2,6188
1,6189
1,6190
1,6191
2,6192
2,6193
1,6194
1,6195
2,6196
1,6197
1,6198
2,6199
2,6200
1,6201
1,6202
1,6203
2,6204
2,6205
1,6206
1,6207
1,6208
2,6209
2,6210
2,6211
1,6212
2,6213
1,6214
1,6215
1,6216
1,6217
2,6218
2,6219
1,6220
1,6221
1,6222
1,6223
2,6224
2,6225
1,6226
1,6227
1,6228
1,6229
1,6230
1,6231
1,6232
2,6233
2,6234
1,6235
1,6236
1,6237
2,6238
1,6239
1,6240
1,6241
2,6242
2,6243
2,6244
2,6245
1,6246
2,6247
2,6248
1,6249
2,6250
2,6251
1,6252
1,6253
1,6254
2,6255
1,6256
1,6257
1,6258
2,6259
1,6260
2,6261
2,6262
2,6263
2,6264
1,6265
2,6266
1,6267
1,6268
1,6269
2,6270
1,6271
1,6272
1,6273
1,6274
1,6275
1,6276
1,6277
1,6278
1,6279
1,6280
1,6281
2,6282
2,6283
2,6284
2,6285
2,6286
2,6287
1,6288
1,6289
1,6290
2,6291
1,6292
2,6293
2,6294
1,6295
2,6296
1,6297
1,6298
2,6299
1,6300
1,6301
1,6302
2,6303
1,6304
1,6305
2,6306
1,6307
2,6308
2,6309
2,6310
2,6311
1,6312
2,6313
2,6314
2,6315
2,6316
2,6317
2,6318
2,6319
1,6320
2,6321
2,6322
2,6323
1,6324
2,6325
2,6326
2,6327
2,6328
2,6329
1,6330
1,6331
2,6332
2,6333
1,6334
1,6335
1,6336
1,6337
1,6338
1,6339
1,6340
1,6341
2,6342
1,6343
1,6344
2,6345
1,6346
1,6347
1,6348
2,6349
1,6350
1,6351
1,6352
1,6353
2,6354
2,6355
1,6356
2,6357
1,6358
1,6359
1,6360
1,6361
2,6362
2,6363
2,6364
1,6365
2,6366
2,6367
1,6368
1,6369
1,6370
2,6371
2,6372
2,6373
1,6374
1,6375
1,6376
2,6377
2,6378
2,6379
2,6380
2,6381
2,6382
1,6383
2,6384
2,6385
1,6386
1,6387
2,6388
2,6389
2,6390
1,6391
2,6392
1,6393
1,6394
1,6395
1,6396
1,6397
1,6398
1,6399
1,6400
1,6401
1,6402
1,6403
1,6404
1,6405
2,6406
1,6407
1,6408
2,6409
2,6410
2,6411
2,6412
2,6413
2,6414
2,6415
2,6416
2,6417
2,6418
2,6419
1,6420
2,6421
2,6422
1,6423
1,6424
2,6425
2,6426
2,6427
2,6428
1,6429
1,6430
1,6431
1,6432
1,6433
2,6434
1,6435
1,6436
2,6437
2,6438
1,6439
1,6440
2,6441
2,6442
2,6443
2,6444
2,6445
2,6446
2,6447
1,6448
2,6449
2,6450
2,6451
2,6452
2,6453
1,6454
1,6455
2,6456
1,6457
1,6458
1,6459
2,6460
1,6461
2,6462
1,6463
1,6464
1,6465
2,6466
2,6467
1,6468
1,6469
2,6470
2,6471
1,6472
1,6473
1,6474
2,6475
2,6476
1,6477
1,6478
1,6479
1,6480
2,6481
1,6482
2,6483
2,6484
2,6485
2,6486
2,6487
1,6488
2,6489
2,6490
1,6491
2,6492
2,6493
1,6494
2,6495
1,6496
1,6497
2,6498
2,6499
2,6500
2,6501
2,6502
1,6503
1,6504
1,6505
2,6506
1,6507
2,6508
2,6509
2,6510
1,6511
1,6512
2,6513
1,6514
1,6515
2,6516
1,6517
1,6518
2,6519
1,6520
1,6521
1,6522
1,6523
1,6524
1,6525
1,6526
1,6527
1,6528
2,6529
1,6530
1,6531
1,6532
1,6533
1,6534
2,6535
1,6536
1,6537
2,6538
2,6539
1,6540
1,6541
1,6542
2,6543
2,6544
2,6545
2,6546
2,6547
2,6548
2,6549
1,6550
2,6551
2,6552
2,6553
2,6554
1,6555
2,6556
1,6557
2,6558
2,6559
1,6560
1,6561
1,6562
1,6563
2,6564
2,6565
1,6566
2,6567
2,6568
2,6569
2,6570
2,6571
2,6572
2,6573
1,6574
2,6575
2,6576
2,6577
1,6578
2,6579
2,6580
1,6581
2,6582
2,6583
2,6584
1,6585
1,6586
1,6587
2,6588
1,6589
2,6590
2,6591
1,6592
1,6593
2,6594
2,6595
2,6596
1,6597
2,6598
2,6599
1,6600
2,6601
1,6602
2,6603
2,6604
2,6605
2,6606
1,6607
2,6608
1,6609
1,6610
1,6611
1,6612
1,6613
1,6614
2,6615
2,6616
1,6617
2,6618
2,6619
1,6620
1,6621
1,6622
2,6623
1,6624
2,6625
2,6626
2,6627
1,6628
1,6629
1,6630
2,6631
2,6632
1,6633
1,6634
1,6635
1,6636
1,6637
2,6638
1,6639
1,6640
1,6641
1,6642
2,6643
2,6644
1,6645
1,6646
2,6647
2,6648
1,6649
1,6650
2,6651
1,6652
2,6653
1,6654
1,6655
1,6656
2,6657
2,6658
2,6659
2,6660
1,6661
1,6662
1,6663
2,6664
2,6665
2,6666
2,6667
1,6668
2,6669
2,6670
2,6671
2,6672
1,6673
2,6674
1,6675
2,6676
1,6677
1,6678
1,6679
1,6680
2,6681
1,6682
1,6683
1,6684
1,6685
1,6686
1,6687
2,6688
2,6689
2,6690
1,6691
1,6692
2,6693
1,6694
1,6695
2,6696
1,6697
1,6698
2,6699
1,6700
1,6701
1,6702
2,6703
1,6704
1,6705
1,6706
2,6707
1,6708
1,6709
1,6710
2,6711
2,6712
1,6713
2,6714
1,6715
1,6716
2,6717
1,6718
1,6719
1,6720
2,6721
2,6722
1,6723
1,6724
2,6725
2,6726
2,6727
2,6728
1,6729
2,6730
1,6731
2,6732
2,6733
2,6734
1,6735
1,6736
2,6737
1,6738
2,6739
1,6740
2,6741
1,6742
1,6743
1,6744
1,6745
2,6746
2,6747
2,6748
1,6749
2,6750
1,6751
1,6752
1,6753
1,6754
1,6755
2,6756
2,6757
2,6758
2,6759
2,6760
2,6761
1,6762
2,6763
2,6764
2,6765
2,6766
1,6767
2,6768
1,6769
1,6770
1,6771
1,6772
1,6773
2,6774
2,6775
2,6776
1,6777
2,6778
2,6779
1,6780
1,6781
1,6782
2,6783
2,6784
1,6785
2,6786
2,6787
1,6788
1,6789
2,6790
1,6791
1,6792
2,6793
1,6794
2,6795
1,6796
2,6797
1,6798
1,6799
1,6800
1,6801
1,6802
1,6803
2,6804
1,6805
1,6806
2,6807
2,6808
2,6809
2,6810
1,6811
1,6812
2,6813
1,6814
2,6815
2,6816
1,6817
1,6818
2,6819
1,6820
1,6821
1,6822
1,6823
2,6824
1,6825
2,6826
1,6827
2,6828
1,6829
1,6830
2,6831
2,6832
1,6833
2,6834
2,6835
1,6836
1,6837
2,6838
2,6839
2,6840
1,6841
1,6842
1,6843
1,6844
2,6845
1,6846
2,6847
1,6848
2,6849
1,6850
2,6851
2,6852
2,6853
2,6854
2,6855
2,6856
1,6857
1,6858
2,6859
1,6860
1,6861
2,6862
2,6863
2,6864
2,6865
2,6866
1,6867
1,6868
2,6869
1,6870
2,6871
2,6872
2,6873
2,6874
2,6875
1,6876
1,6877
1,6878
2,6879
1,6880
1,6881
1,6882
2,6883
2,6884
1,6885
2,6886
1,6887
2,6888
1,6889
2,6890
1,6891
1,6892
1,6893
1,6894
1,6895
2,6896
1,6897
1,6898
1,6899
1,6900
1,6901
2,6902
1,6903
1,6904
2,6905
2,6906
1,6907
1,6908
2,6909
2,6910
2,6911
1,6912
1,6913
1,6914
1,6915
2,6916
1,6917
2,6918
1,6919
2,6920
2,6921
2,6922
2,6923
2,6924
1,6925
1,6926
2,6927
1,6928
2,6929
1,6930
1,6931
2,6932
1,6933
2,6934
2,6935
2,6936
2,6937
1,6938
2,6939
2,6940
1,6941
2,6942
2,6943
1,6944
1,6945
2,6946
1,6947
2,6948
2,6949
1,6950
1,6951
2,6952
1,6953
1,6954
2,6955
2,6956
2,6957
2,6958
2,6959
2,6960
1,6961
1,6962
2,6963
1,6964
1,6965
1,6966
1,6967
1,6968
2,6969
2,6970
1,6971
1,6972
1,6973
1,6974
1,6975
2,6976
1,6977
2,6978
1,6979
2,6980
1,6981
2,6982
1,6983
2,6984
2,6985
1,6986
1,6987
1,6988
1,6989
2,6990
1,6991
1,6992
2,6993
1,6994
2,6995
2,6996
1,6997
2,6998
1,6999
2,7000
2,7001
1,7002
1,7003
1,7004
2,7005
2,7006
2,7007
2,7008
2,7009
2,7010
1,7011
2,7012
2,7013
1,7014
1,7015
2,7016
1,7017
2,7018
2,7019
1,7020
1,7021
1,7022
2,7023
2,7024
2,7025
1,7026
2,7027
1,7028
1,7029
2,7030
1,7031
2,7032
1,7033
2,7034
2,7035
1,7036
1,7037
1,7038
1,7039
1,7040
1,7041
1,7042
2,7043
2,7044
2,7045
2,7046
1,7047
1,7048
1,7049
1,7050
1,7051
1,7052
1,7053
2,7054
1,7055
2,7056
1,7057
2,7058
1,7059
1,7060
1,7061
1,7062
2,7063
1,7064
2,7065
1,7066
1,7067
2,7068
2,7069
2,7070
2,7071
1,7072
1,7073
2,7074
2,7075
1,7076
1,7077
2,7078
1,7079
2,7080
2,7081
2,7082
2,7083
1,7084
1,7085
2,7086
1,7087
1,7088
2,7089
2,7090
2,7091
1,7092
1,7093
1,7094
1,7095
2,7096
1,7097
2,7098
1,7099
2,7100
1,7101
2,7102
1,7103
2,7104
1,7105
1,7106
1,7107
1,7108
2,7109
1,7110
1,7111
1,7112
2,7113
1,7114
1,7115
2,7116
1,7117
2,7118
1,7119
1,7120
2,7121
1,7122
2,7123
2,7124
2,7125
2,7126
1,7127
2,7128
1,7129
2,7130
2,7131
2,7132
1,7133
1,7134
2,7135
1,7136
2,7137
2,7138
1,7139
2,7140
1,7141
2,7142
2,7143
2,7144
2,7145
2,7146
2,7147
1,7148
1,7149
1,7150
1,7151
2,7152
1,7153
1,7154
2,7155
2,7156
1,7157
2,7158
2,7159
2,7160
2,7161
1,7162
1,7163
2,7164
1,7165
2,7166
2,7167
1,7168
2,7169
1,7170
1,7171
1,7172
2,7173
1,7174
2,7175
1,7176
1,7177
2,7178
1,7179
2,7180
1,7181
1,7182
1,7183
1,7184
2,7185
1,7186
1,7187
1,7188
1,7189
2,7190
1,7191
2,7192
2,7193
1,7194
1,7195
2,7196
1,7197
1,7198
2,7199
2,7200
2,7201
1,7202
1,7203
1,7204
2,7205
1,7206
2,7207
2,7208
1,7209
2,7210
1,7211
1,7212
2,7213
2,7214
1,7215
1,7216
2,7217
2,7218
2,7219
2,7220
2,7221
2,7222
1,7223
1,7224
1,7225
1,7226
2,7227
1,7228
1,7229
1,7230
2,7231
2,7232
1,7233
2,7234
1,7235
1,7236
1,7237
2,7238
1,7239
1,7240
2,7241
2,7242
1,7243
1,7244
1,7245
2,7246
2,7247
2,7248
2,7249
1,7250
2,7251
1,7252
1,7253
2,7254
2,7255
1,7256
2,7257
1,7258
1,7259
1,7260
1,7261
2,7262
1,7263
2,7264
2,7265
1,7266
2,7267
1,7268
1,7269
1,7270
2,7271
2,7272
1,7273
2,7274
1,7275
2,7276
2,7277
2,7278
2,7279
2,7280
2,7281
2,7282
1,7283
1,7284
1,7285
1,7286
2,7287
2,7288
1,7289
2,7290
1,7291
2,7292
1,7293
2,7294
2,7295
1,7296
1,7297
2,7298
1,7299
1,7300
1,7301
2,7302
2,7303
2,7304
1,7305
1,7306
2,7307
2,7308
1,7309
1,7310
2,7311
2,7312
2,7313
1,7314
2,7315
1,7316
2,7317
1,7318
1,7319
1,7320
1,7321
2,7322
1,7323
1,7324
2,7325
2,7326
2,7327
2,7328
2,7329
1,7330
1,7331
1,7332
1,7333
2,7334
1,7335
2,7336
1,7337
2,7338
2,7339
2,7340
2,7341
2,7342
1,7343
1,7344
2,7345
2,7346
2,7347
2,7348
1,7349
2,7350
1,7351
2,7352
1,7353
2,7354
1,7355
2,7356
1,7357
1,7358
1,7359
2,7360
2,7361
2,7362
1,7363
2,7364
2,7365
1,7366
1,7367
2,7368
2,7369
2,7370
1,7371
2,7372
2,7373
2,7374
2,7375
2,7376
1,7377
1,7378
1,7379
1,7380
1,7381
2,7382
1,7383
2,7384
2,7385
1,7386
1,7387
1,7388
1,7389
2,7390
1,7391
2,7392
2,7393
2,7394
1,7395
1,7396
2,7397
1,7398
1,7399
2,7400
2,7401
2,7402
1,7403
1,7404
1,7405
1,7406
1,7407
1,7408
1,7409
2,7410
1,7411
1,7412
2,7413
2,7414
1,7415
2,7416
2,7417
2,7418
2,7419
1,7420
2,7421
1,7422
1,7423
1,7424
1,7425
2,7426
1,7427
2,7428
2,7429
1,7430
2,7431
2,7432
1,7433
2,7434
2,7435
2,7436
1,7437
1,7438
1,7439
2,7440
2,7441
2,7442
1,7443
1,7444
2,7445
1,7446
1,7447
1,7448
2,7449
1,7450
2,7451
1,7452
2,7453
2,7454
2,7455
2,7456
1,7457
2,7458
2,7459
2,7460
2,7461
2,7462
2,7463
1,7464
2,7465
2,7466
2,7467
2,7468
2,7469
2,7470
1,7471
2,7472
1,7473
1,7474
1,7475
2,7476
2,7477
1,7478
2,7479
2,7480
2,7481
1,7482
1,7483
2,7484
2,7485
1,7486
1,7487
1,7488
2,7489
1,7490
2,7491
1,7492
1,7493
2,7494
2,7495
2,7496
1,7497
1,7498
1,7499
1,7500
1,7501
2,7502
1,7503
1,7504
1,7505
1,7506
1,7507
1,7508
2,7509
2,7510
1,7511
1,7512
2,7513
2,7514
2,7515
1,7516
2,7517
2,7518
1,7519
1,7520
2,7521
2,7522
2,7523
2,7524
2,7525
2,7526
1,7527
2,7528
2,7529
2,7530
1,7531
2,7532
2,7533
1,7534
1,7535
2,7536
2,7537
1,7538
1,7539
1,7540
1,7541
2,7542
1,7543
2,7544
2,7545
2,7546
2,7547
1,7548
2,7549
1,7550
2,7551
1,7552
2,7553
2,7554
1,7555
2,7556
1,7557
1,7558
2,7559
2,7560
1,7561
2,7562
2,7563
2,7564
1,7565
2,7566
1,7567
1,7568
2,7569
1,7570
2,7571
1,7572
2,7573
2,7574
1,7575
2,7576
2,7577
1,7578
1,7579
1,7580
2,7581
1,7582
2,7583
2,7584
1,7585
2,7586
1,7587
2,7588
2,7589
1,7590
1,7591
1,7592
1,7593
1,7594
2,7595
1,7596
1,7597
2,7598
2,7599
2,7600
1,7601
2,7602
1,7603
2,7604
1,7605
2,7606
2,7607
2,7608
2,7609
1,7610
2,7611
2,7612
2,7613
1,7614
2,7615
2,7616
2,7617
1,7618
2,7619
2,7620
2,7621
1,7622
2,7623
1,7624
2,7625
1,7626
2,7627
2,7628
1,7629
1,7630
2,7631
1,7632
1,7633
1,7634
1,7635
2,7636
1,7637
2,7638
2,7639
2,7640
2,7641
1,7642
1,7643
1,7644
2,7645
1,7646
1,7647
2,7648
2,7649
2,7650
2,7651
2,7652
2,7653
2,7654
1,7655
1,7656
1,7657
2,7658
1,7659
1,7660
1,7661
2,7662
2,7663
2,7664
1,7665
2,7666
2,7667
1,7668
1,7669
1,7670
2,7671
1,7672
2,7673
2,7674
2,7675
1,7676
2,7677
2,7678
2,7679
1,7680
1,7681
1,7682
2,7683
1,7684
1,7685
1,7686
2,7687
1,7688
2,7689
1,7690
2,7691
2,7692
1,7693
2,7694
1,7695
2,7696
2,7697
1,7698
1,7699
2,7700
1,7701
1,7702
1,7703
2,7704
2,7705
1,7706
1,7707
2,7708
1,7709
2,7710
1,7711
1,7712
2,7713
1,7714
1,7715
2,7716
2,7717
1,7718
1,7719
1,7720
1,7721
1,7722
1,7723
2,7724
2,7725
1,7726
2,7727
1,7728
1,7729
1,7730
2,7731
2,7732
1,7733
2,7734
2,7735
2,7736
1,7737
1,7738
1,7739
2,7740
2,7741
2,7742
1,7743
2,7744
2,7745
2,7746
2,7747
1,7748
2,7749
2,7750
2,7751
2,7752
2,7753
2,7754
2,7755
2,7756
2,7757
1,7758
1,7759
2,7760
2,7761
1,7762
1,7763
2,7764
1,7765
1,7766
2,7767
1,7768
2,7769
2,7770
2,7771
2,7772
1,7773
2,7774
2,7775
1,7776
1,7777
2,7778
1,7779
2,7780
1,7781
1,7782
1,7783
2,7784
1,7785
2,7786
2,7787
1,7788
1,7789
1,7790
2,7791
2,7792
1,7793
2,7794
1,7795
1,7796
2,7797
1,7798
2,7799
1,7800
2,7801
2,7802
2,7803
1,7804
1,7805
1,7806
2,7807
2,7808
1,7809
2,7810
1,7811
1,7812
2,7813
2,7814
2,7815
1,7816
1,7817
2,7818
1,7819
2,7820
1,7821
1,7822
2,7823
2,7824
1,7825
1,7826
2,7827
1,7828
2,7829
2,7830
1,7831
2,7832
2,7833
1,7834
1,7835
1,7836
1,7837
1,7838
1,7839
2,7840
2,7841
1,7842
2,7843
2,7844
1,7845
1,7846
2,7847
2,7848
1,7849
1,7850
2,7851
2,7852
1,7853
2,7854
1,7855
1,7856
2,7857
1,7858
1,7859
2,7860
1,7861
1,7862
2,7863
1,7864
1,7865
2,7866
1,7867
1,7868
2,7869
2,7870
2,7871
1,7872
1,7873
1,7874
1,7875
2,7876
2,7877
1,7878
1,7879
2,7880
1,7881
1,7882
2,7883
2,7884
1,7885
1,7886
1,7887
1,7888
1,7889
1,7890
1,7891
2,7892
2,7893
1,7894
2,7895
2,7896
2,7897
1,7898
1,7899
2,7900
1,7901
1,7902
2,7903
2,7904
1,7905
2,7906
2,7907
2,7908
1,7909
2,7910
1,7911
1,7912
2,7913
2,7914
1,7915
1,7916
1,7917
2,7918
2,7919
1,7920
1,7921
1,7922
1,7923
2,7924
2,7925
2,7926
1,7927
1,7928
1,7929
1,7930
2,7931
2,7932
2,7933
1,7934
2,7935
2,7936
1,7937
2,7938
2,7939
1,7940
1,7941
2,7942
1,7943
2,7944
1,7945
1,7946
1,7947
2,7948
2,7949
1,7950
2,7951
1,7952
1,7953
2,7954
1,7955
1,7956
2,7957
2,7958
1,7959
1,7960
2,7961
1,7962
1,7963
1,7964
1,7965
1,7966
2,7967
2,7968
2,7969
1,7970
2,7971
2,7972
1,7973
2,7974
1,7975
1,7976
2,7977
1,7978
2,7979
1,7980
2,7981
2,7982
2,7983
1,7984
1,7985
2,7986
2,7987
2,7988
1,7989
1,7990
2,7991
1,7992
2,7993
1,7994
2,7995
1,7996
1,7997
1,7998
1,7999
2,8000
2,8001
1,8002
2,8003
2,8004
1,8005
2,8006
1,8007
1,8008
1,8009
1,8010
2,8011
1,8012
2,8013
1,8014
1,8015
2,8016
2,8017
2,8018
1,8019
2,8020
2,8021
1,8022
2,8023
1,8024
1,8025
1,8026
1,8027
2,8028
1,8029
1,8030
1,8031
1,8032
1,8033
1,8034
1,8035
2,8036
1,8037
2,8038
1,8039
2,8040
1,8041
2,8042
2,8043
2,8044
1,8045
2,8046
1,8047
2,8048
1,8049
1,8050
2,8051
2,8052
1,8053
1,8054
1,8055
2,8056
2,8057
1,8058
1,8059
2,8060
2,8061
2,8062
1,8063
2,8064
2,8065
1,8066
2,8067
2,8068
2,8069
2,8070
1,8071
2,8072
1,8073
2,8074
2,8075
1,8076
1,8077
2,8078
2,8079
2,8080
1,8081
2,8082
2,8083
2,8084
2,8085
1,8086
2,8087
1,8088
1,8089
1,8090
1,8091
1,8092
2,8093
2,8094
2,8095
2,8096
2,8097
1,8098
2,8099
1,8100
2,8101
1,8102
2,8103
2,8104
1,8105
2,8106
2,8107
2,8108
2,8109
2,8110
2,8111
1,8112
1,8113
1,8114
2,8115
1,8116
1,8117
2,8118
1,8119
2,8120
1,8121
2,8122
1,8123
1,8124
2,8125
2,8126
1,8127
2,8128
1,8129
1,8130
2,8131
1,8132
2,8133
1,8134
1,8135
2,8136
1,8137
1,8138
2,8139
1,8140
1,8141
1,8142
1,8143
2,8144
1,8145
2,8146
2,8147
1,8148
2,8149
2,8150
1,8151
2,8152
1,8153
2,8154
2,8155
1,8156
1,8157
2,8158
1,8159
1,8160
1,8161
2,8162
1,8163
2,8164
1,8165
1,8166
1,8167
2,8168
2,8169
2,8170
1,8171
1,8172
2,8173
1,8174
2,8175
1,8176
2,8177
1,8178
1,8179
2,8180
1,8181
2,8182
1,8183
2,8184
1,8185
1,8186
1,8187
2,8188
1,8189
1,8190
2,8191
1,8192
1,8193
1,8194
1,8195
1,8196
2,8197
2,8198
1,8199
1,8200
2,8201
2,8202
2,8203
1,8204
1,8205
1,8206
1,8207
1,8208
2,8209
2,8210
1,8211
2,8212
1,8213
1,8214
2,8215
1,8216
2,8217
1,8218
1,8219
1,8220
1,8221
2,8222
1,8223
2,8224
2,8225
2,8226
1,8227
2,8228
1,8229
2,8230
1,8231
2,8232
1,8233
1,8234
1,8235
1,8236
1,8237
1,8238
2,8239
2,8240
1,8241
2,8242
1,8243
2,8244
1,8245
2,8246
1,8247
2,8248
2,8249
1,8250
1,8251
2,8252
1,8253
1,8254
1,8255
2,8256
2,8257
2,8258
2,8259
1,8260
2,8261
1,8262
2,8263
2,8264
1,8265
2,8266
1,8267
1,8268
2,8269
2,8270
1,8271
1,8272
2,8273
2,8274
2,8275
1,8276
1,8277
2,8278
2,8279
1,8280
2,8281
2,8282
1,8283
2,8284
2,8285
1,8286
1,8287
1,8288
1,8289
1,8290
2,8291
1,8292
2,8293
1,8294
2,8295
1,8296
2,8297
1,8298
2,8299
1,8300
1,8301
2,8302
1,8303
1,8304
2,8305
2,8306
2,8307
1,8308
2,8309
1,8310
1,8311
2,8312
2,8313
1,8314
2,8315
2,8316
2,8317
1,8318
2,8319
1,8320
1,8321
1,8322
1,8323
2,8324
1,8325
2,8326
1,8327
2,8328
1,8329
1,8330
2,8331
2,8332
1,8333
1,8334
1,8335
2,8336
1,8337
2,8338
2,8339
1,8340
2,8341
1,8342
1,8343
1,8344
2,8345
1,8346
1,8347
1,8348
2,8349
1,8350
1,8351
2,8352
1,8353
2,8354
2,8355
1,8356
1,8357
2,8358
1,8359
1,8360
1,8361
1,8362
2,8363
2,8364
1,8365
2,8366
1,8367
1,8368
1,8369
1,8370
2,8371
2,8372
2,8373
2,8374
1,8375
2,8376
1,8377
1,8378
2,8379
1,8380
1,8381
2,8382
1,8383
1,8384
2,8385
1,8386
1,8387
1,8388
2,8389
2,8390
1,8391
1,8392
1,8393
1,8394
2,8395
2,8396
2,8397
1,8398
2,8399
1,8400
1,8401
1,8402
1,8403
1,8404
2,8405
2,8406
2,8407
2,8408
2,8409
1,8410
2,8411
2,8412
1,8413
1,8414
1,8415
1,8416
2,8417
2,8418
1,8419
2,8420
2,8421
1,8422
1,8423
1,8424
2,8425
1,8426
1,8427
1,8428
2,8429
1,8430
2,8431
1,8432
2,8433
2,8434
2,8435
2,8436
2,8437
2,8438
1,8439
2,8440
2,8441
1,8442
1,8443
1,8444
2,8445
1,8446
1,8447
1,8448
1,8449
2,8450
2,8451
2,8452
1,8453
2,8454
1,8455
1,8456
2,8457
2,8458
1,8459
2,8460
2,8461
1,8462
2,8463
1,8464
1,8465
2,8466
1,8467
2,8468
2,8469
2,8470
2,8471
2,8472
2,8473
2,8474
1,8475
2,8476
2,8477
1,8478
2,8479
1,8480
1,8481
2,8482
2,8483
1,8484
2,8485
2,8486
1,8487
2,8488
2,8489
1,8490
1,8491
1,8492
2,8493
2,8494
2,8495
1,8496
2,8497
2,8498
2,8499
2,8500
1,8501
2,8502
2,8503
1,8504
1,8505
2,8506
2,8507
2,8508
1,8509
1,8510
1,8511
1,8512
2,8513
1,8514
2,8515
1,8516
2,8517
2,8518
2,8519
2,8520
2,8521
2,8522
2,8523
1,8524
2,8525
2,8526
2,8527
1,8528
2,8529
2,8530
1,8531
2,8532
1,8533
1,8534
1,8535
2,8536
2,8537
1,8538
2,8539
1,8540
1,8541
1,8542
2,8543
2,8544
2,8545
1,8546
1,8547
1,8548
2,8549
2,8550
1,8551
2,8552
2,8553
2,8554
2,8555
2,8556
2,8557
2,8558
2,8559
1,8560
2,8561
2,8562
2,8563
1,8564
2,8565
1,8566
1,8567
2,8568
2,8569
1,8570
1,8571
1,8572
1,8573
2,8574
2,8575
1,8576
1,8577
2,8578
2,8579
1,8580
2,8581
2,8582
2,8583
1,8584
2,8585
1,8586
2,8587
1,8588
2,8589
2,8590
2,8591
1,8592
1,8593
1,8594
1,8595
2,8596
2,8597
2,8598
2,8599
2,8600
2,8601
2,8602
1,8603
2,8604
1,8605
2,8606
1,8607
1,8608
1,8609
2,8610
1,8611
2,8612
1,8613
1,8614
1,8615
2,8616
2,8617
2,8618
1,8619
1,8620
2,8621
1,8622
2,8623
2,8624
1,8625
2,8626
2,8627
1,8628
2,8629
2,8630
2,8631
2,8632
1,8633
1,8634
1,8635
1,8636
1,8637
1,8638
1,8639
1,8640
1,8641
2,8642
2,8643
2,8644
1,8645
1,8646
2,8647
2,8648
2,8649
1,8650
1,8651
1,8652
1,8653
2,8654
1,8655
1,8656
2,8657
1,8658
2,8659
1,8660
2,8661
1,8662
1,8663
2,8664
1,8665
1,8666
1,8667
1,8668
1,8669
1,8670
1,8671
2,8672
2,8673
1,8674
1,8675
1,8676
2,8677
1,8678
1,8679
2,8680
2,8681
2,8682
1,8683
1,8684
1,8685
2,8686
1,8687
2,8688
1,8689
1,8690
2,8691
1,8692
2,8693
2,8694
2,8695
1,8696
1,8697
2,8698
1,8699
2,8700
1,8701
2,8702
2,8703
1,8704
1,8705
2,8706
1,8707
1,8708
2,8709
1,8710
1,8711
2,8712
2,8713
2,8714
2,8715
2,8716
2,8717
1,8718
1,8719
1,8720
1,8721
2,8722
2,8723
1,8724
2,8725
1,8726
2,8727
1,8728
2,8729
1,8730
2,8731
2,8732
2,8733
1,8734
1,8735
2,8736
2,8737
2,8738
1,8739
1,8740
2,8741
1,8742
2,8743
1,8744
1,8745
2,8746
1,8747
1,8748
1,8749
1,8750
1,8751
2,8752
2,8753
1,8754
1,8755
2,8756
2,8757
1,8758
2,8759
2,8760
2,8761
2,8762
2,8763
2,8764
2,8765
2,8766
2,8767
1,8768
1,8769
1,8770
2,8771
1,8772
2,8773
2,8774
1,8775
2,8776
2,8777
2,8778
2,8779
1,8780
1,8781
2,8782
2,8783
1,8784
1,8785
2,8786
1,8787
2,8788
2,8789
1,8790
2,8791
1,8792
1,8793
1,8794
1,8795
1,8796
2,8797
1,8798
2,8799
2,8800
2,8801
2,8802
2,8803
2,8804
2,8805
1,8806
1,8807
1,8808
2,8809
2,8810
2,8811
2,8812
1,8813
1,8814
2,8815
2,8816
1,8817
1,8818
1,8819
1,8820
2,8821
1,8822
1,8823
1,8824
2,8825
1,8826
2,8827
2,8828
2,8829
2,8830
1,8831
2,8832
2,8833
2,8834
1,8835
1,8836
1,8837
2,8838
1,8839
2,8840
1,8841
1,8842
1,8843
1,8844
2,8845
2,8846
1,8847
2,8848
1,8849
1,8850
2,8851
2,8852
2,8853
2,8854
1,8855
1,8856
2,8857
2,8858
1,8859
1,8860
1,8861
1,8862
1,8863
1,8864
1,8865
2,8866
2,8867
2,8868
1,8869
1,8870
2,8871
2,8872
1,8873
2,8874
2,8875
2,8876
2,8877
1,8878
2,8879
1,8880
1,8881
2,8882
2,8883
1,8884
1,8885
1,8886
1,8887
2,8888
1,8889
1,8890
2,8891
1,8892
1,8893
2,8894
1,8895
2,8896
1,8897
1,8898
2,8899
1,8900
2,8901
1,8902
2,8903
1,8904
1,8905
2,8906
2,8907
2,8908
1,8909
2,8910
1,8911
1,8912
1,8913
2,8914
2,8915
2,8916
2,8917
2,8918
2,8919
2,8920
2,8921
1,8922
2,8923
1,8924
1,8925
2,8926
2,8927
1,8928
1,8929
2,8930
1,8931
1,8932
1,8933
2,8934
1,8935
2,8936
1,8937
1,8938
1,8939
2,8940
1,8941
1,8942
2,8943
2,8944
2,8945
2,8946
2,8947
2,8948
2,8949
2,8950
1,8951
2,8952
2,8953
2,8954
1,8955
1,8956
1,8957
2,8958
1,8959
2,8960
2,8961
1,8962
2,8963
2,8964
1,8965
2,8966
2,8967
2,8968
2,8969
2,8970
1,8971
2,8972
2,8973
2,8974
1,8975
1,8976
1,8977
2,8978
1,8979
2,8980
2,8981
1,8982
1,8983
1,8984
1,8985
1,8986
1,8987
2,8988
2,8989
2,8990
2,8991
1,8992
1,8993
1,8994
2,8995
2,8996
1,8997
2,8998
1,8999
1,9000
2,9001
1,9002
2,9003
1,9004
1,9005
2,9006
2,9007
1,9008
2,9009
1,9010
2,9011
1,9012
1,9013
2,9014
1,9015
2,9016
2,9017
2,9018
2,9019
1,9020
1,9021
2,9022
2,9023
1,9024
2,9025
2,9026
1,9027
1,9028
2,9029
1,9030
1,9031
2,9032
2,9033
1,9034
1,9035
2,9036
2,9037
2,9038
1,9039
1,9040
1,9041
2,9042
1,9043
1,9044
2,9045
1,9046
1,9047
1,9048
2,9049
1,9050
1,9051
1,9052
2,9053
2,9054
2,9055
2,9056
2,9057
2,9058
2,9059
2,9060
1,9061
2,9062
2,9063
2,9064
2,9065
2,9066
2,9067
1,9068
1,9069
1,9070
1,9071
1,9072
1,9073
2,9074
2,9075
1,9076
2,9077
2,9078
2,9079
1,9080
1,9081
1,9082
1,9083
1,9084
1,9085
1,9086
1,9087
2,9088
2,9089
2,9090
1,9091
1,9092
2,9093
2,9094
2,9095
1,9096
2,9097
2,9098
1,9099
1,9100
2,9101
2,9102
2,9103
1,9104
1,9105
1,9106
1,9107
1,9108
2,9109
2,9110
1,9111
2,9112
1,9113
1,9114
1,9115
1,9116
1,9117
2,9118
2,9119
2,9120
1,9121
1,9122
1,9123
1,9124
2,9125
1,9126
1,9127
1,9128
2,9129
2,9130
2,9131
2,9132
1,9133
1,9134
2,9135
2,9136
2,9137
2,9138
1,9139
1,9140
2,9141
1,9142
1,9143
1,9144
1,9145
1,9146
1,9147
1,9148
1,9149
2,9150
1,9151
2,9152
2,9153
1,9154
2,9155
2,9156
2,9157
2,9158
1,9159
2,9160
2,9161
2,9162
1,9163
1,9164
2,9165
2,9166
2,9167
2,9168
2,9169
1,9170
1,9171
2,9172
1,9173
1,9174
2,9175
2,9176
2,9177
1,9178
2,9179
1,9180
2,9181
1,9182
1,9183
1,9184
1,9185
2,9186
2,9187
1,9188
1,9189
2,9190
1,9191
1,9192
1,9193
2,9194
1,9195
2,9196
1,9197
2,9198
1,9199
1,9200
1,9201
1,9202
2,9203
1,9204
2,9205
1,9206
2,9207
2,9208
1,9209
2,9210
1,9211
1,9212
2,9213
1,9214
2,9215
2,9216
2,9217
1,9218
1,9219
1,9220
1,9221
2,9222
2,9223
2,9224
2,9225
1,9226
2,9227
1,9228
2,9229
1,9230
1,9231
1,9232
2,9233
2,9234
2,9235
2,9236
2,9237
2,9238
1,9239
2,9240
1,9241
2,9242
2,9243
1,9244
1,9245
2,9246
2,9247
2,9248
1,9249
1,9250
2,9251
1,9252
2,9253
2,9254
2,9255
2,9256
1,9257
2,9258
2,9259
2,9260
2,9261
2,9262
2,9263
1,9264
1,9265
1,9266
1,9267
2,9268
2,9269
1,9270
1,9271
2,9272
2,9273
1,9274
1,9275
1,9276
2,9277
2,9278
2,9279
1,9280
1,9281
1,9282
2,9283
2,9284
2,9285
1,9286
2,9287
2,9288
2,9289
1,9290
2,9291
1,9292
1,9293
1,9294
1,9295
2,9296
2,9297
2,9298
1,9299
1,9300
2,9301
1,9302
1,9303
1,9304
1,9305
2,9306
1,9307
1,9308
1,9309
2,9310
2,9311
1,9312
2,9313
2,9314
2,9315
1,9316
1,9317
1,9318
2,9319
1,9320
1,9321
2,9322
2,9323
2,9324
2,9325
2,9326
1,9327
2,9328
2,9329
2,9330
2,9331
1,9332
2,9333
2,9334
1,9335
2,9336
1,9337
1,9338
2,9339
2,9340
2,9341
2,9342
2,9343
2,9344
1,9345
1,9346
2,9347
1,9348
1,9349
2,9350
1,9351
2,9352
2,9353
1,9354
1,9355
2,9356
1,9357
2,9358
2,9359
1,9360
2,9361
1,9362
2,9363
2,9364
1,9365
1,9366
1,9367
2,9368
2,9369
2,9370
1,9371
1,9372
1,9373
2,9374
2,9375
2,9376
2,9377
1,9378
1,9379
1,9380
1,9381
1,9382
1,9383
2,9384
2,9385
2,9386
1,9387
2,9388
1,9389
2,9390
2,9391
2,9392
2,9393
1,9394
1,9395
2,9396
1,9397
2,9398
1,9399
1,9400
1,9401
1,9402
2,9403
1,9404
1,9405
2,9406
1,9407
2,9408
1,9409
1,9410
1,9411
1,9412
2,9413
2,9414
2,9415
2,9416
1,9417
1,9418
1,9419
2,9420
2,9421
2,9422
1,9423
1,9424
1,9425
2,9426
1,9427
2,9428
1,9429
2,9430
1,9431
2,9432
2,9433
1,9434
2,9435
1,9436
2,9437
1,9438
2,9439
2,9440
1,9441
2,9442
1,9443
2,9444
2,9445
2,9446
1,9447
2,9448
1,9449
1,9450
1,9451
2,9452
1,9453
1,9454
2,9455
1,9456
2,9457
1,9458
2,9459
1,9460
2,9461
1,9462
1,9463
2,9464
1,9465
2,9466
2,9467
2,9468
1,9469
2,9470
1,9471
2,9472
1,9473
1,9474
1,9475
2,9476
2,9477
2,9478
1,9479
1,9480
1,9481
1,9482
1,9483
2,9484
1,9485
2,9486
2,9487
1,9488
1,9489
1,9490
1,9491
1,9492
1,9493
2,9494
1,9495
1,9496
2,9497
2,9498
2,9499
1,9500
1,9501
1,9502
1,9503
1,9504
2,9505
2,9506
1,9507
1,9508
2,9509
1,9510
1,9511
1,9512
2,9513
2,9514
1,9515
2,9516
2,9517
1,9518
1,9519
1,9520
2,9521
2,9522
1,9523
2,9524
2,9525
2,9526
1,9527
2,9528
1,9529
1,9530
2,9531
2,9532
2,9533
2,9534
2,9535
2,9536
1,9537
2,9538
2,9539
1,9540
2,9541
2,9542
2,9543
1,9544
1,9545
2,9546
2,9547
2,9548
1,9549
2,9550
2,9551
1,9552
1,9553
1,9554
1,9555
1,9556
2,9557
2,9558
2,9559
2,9560
1,9561
1,9562
2,9563
2,9564
2,9565
1,9566
1,9567
2,9568
2,9569
2,9570
2,9571
1,9572
1,9573
2,9574
1,9575
2,9576
1,9577
1,9578
2,9579
2,9580
2,9581
1,9582
2,9583
1,9584
1,9585
1,9586
2,9587
1,9588
2,9589
2,9590
1,9591
2,9592
1,9593
1,9594
1,9595
1,9596
1,9597
2,9598
2,9599
2,9600
1,9601
1,9602
2,9603
2,9604
1,9605
1,9606
2,9607
2,9608
2,9609
2,9610
2,9611
2,9612
1,9613
1,9614
1,9615
2,9616
1,9617
1,9618
1,9619
1,9620
1,9621
1,9622
1,9623
1,9624
1,9625
1,9626
2,9627
1,9628
2,9629
1,9630
1,9631
2,9632
1,9633
1,9634
1,9635
2,9636
1,9637
1,9638
2,9639
1,9640
2,9641
1,9642
2,9643
1,9644
2,9645
1,9646
2,9647
1,9648
1,9649
2,9650
1,9651
2,9652
1,9653
1,9654
1,9655
2,9656
1,9657
2,9658
2,9659
1,9660
1,9661
2,9662
2,9663
2,9664
2,9665
2,9666
2,9667
1,9668
1,9669
2,9670
1,9671
2,9672
1,9673
2,9674
2,9675
2,9676
1,9677
1,9678
2,9679
1,9680
2,9681
2,9682
2,9683
2,9684
2,9685
2,9686
2,9687
1,9688
2,9689
1,9690
2,9691
2,9692
2,9693
2,9694
1,9695
1,9696
2,9697
2,9698
2,9699
1,9700
2,9701
2,9702
1,9703
2,9704
1,9705
2,9706
1,9707
1,9708
2,9709
2,9710
2,9711
2,9712
1,9713
2,9714
2,9715
2,9716
1,9717
1,9718
1,9719
2,9720
1,9721
1,9722
2,9723
2,9724
2,9725
1,9726
1,9727
2,9728
2,9729
2,9730
2,9731
1,9732
2,9733
1,9734
1,9735
1,9736
2,9737
2,9738
2,9739
2,9740
2,9741
2,9742
1,9743
1,9744
2,9745
1,9746
1,9747
2,9748
1,9749
1,9750
2,9751
2,9752
1,9753
1,9754
1,9755
2,9756
2,9757
2,9758
2,9759
2,9760
1,9761
1,9762
1,9763
1,9764
1,9765
2,9766
1,9767
1,9768
1,9769
1,9770
1,9771
2,9772
2,9773
2,9774
1,9775
1,9776
2,9777
2,9778
1,9779
1,9780
2,9781
2,9782
1,9783
2,9784
2,9785
2,9786
2,9787
1,9788
2,9789
2,9790
2,9791
1,9792
2,9793
1,9794
1,9795
1,9796
2,9797
2,9798
1,9799
2,9800
1,9801
2,9802
2,9803
2,9804
2,9805
2,9806
2,9807
2,9808
1,9809
1,9810
2,9811
2,9812
2,9813
1,9814
2,9815
2,9816
2,9817
1,9818
2,9819
2,9820
2,9821
1,9822
1,9823
2,9824
1,9825
1,9826
2,9827
1,9828
1,9829
2,9830
1,9831
1,9832
2,9833
2,9834
2,9835
1,9836
1,9837
2,9838
1,9839
2,9840
1,9841
2,9842
2,9843
2,9844
1,9845
1,9846
2,9847
2,9848
1,9849
2,9850
2,9851
2,9852
2,9853
1,9854
2,9855
1,9856
1,9857
2,9858
2,9859
2,9860
1,9861
1,9862
1,9863
1,9864
2,9865
1,9866
2,9867
1,9868
1,9869
2,9870
2,9871
2,9872
1,9873
2,9874
1,9875
2,9876
2,9877
1,9878
1,9879
2,9880
1,9881
2,9882
2,9883
1,9884
2,9885
1,9886
1,9887
1,9888
2,9889
2,9890
2,9891
2,9892
2,9893
1,9894
1,9895
2,9896
1,9897
2,9898
1,9899
2,9900
1,9901
2,9902
1,9903
1,9904
2,9905
2,9906
2,9907
2,9908
1,9909
1,9910
1,9911
2,9912
2,9913
1,9914
1,9915
1,9916
2,9917
1,9918
1,9919
1,9920
2,9921
1,9922
1,9923
2,9924
2,9925
1,9926
1,9927
2,9928
1,9929
2,9930
1,9931
2,9932
2,9933
1,9934
1,9935
1,9936
1,9937
2,9938
1,9939
2,9940
2,9941
1,9942
2,9943
1,9944
2,9945
1,9946
2,9947
2,9948
1,9949
2,9950
1,9951
2,9952
1,9953
1,9954
1,9955
1,9956
2,9957
2,9958
2,9959
2,9960
2,9961
1,9962
1,9963
2,9964
1,9965
2,9966
2,9967
1,9968
2,9969
1,9970
2,9971
2,9972
1,9973
2,9974
2,9975
2,9976
1,9977
2,9978
1,9979
2,9980
1,9981
2,9982
1,9983
2,9984
1,9985
1,9986
2,9987
2,9988
2,9989
2,9990
2,9991
2,9992
2,9993
2,9994
2,9995
1,9996
2,9997
1,9998
1,9999
1,10000
2,10001
2,10002
1,10003
2,10004
1,10005
1,10006
2,10007
2,10008
1,10009
2,10010
2,10011
1,10012
1,10013
1,10014
1,10015
2,10016
2,10017
1,10018
1,10019
1,10020
2,10021
1,10022
2,10023
1,10024
2,10025
2,10026
2,10027
1,10028
2,10029
2,10030
1,10031
1,10032
1,10033
1,10034
1,10035
1,10036
1,10037
2,10038
1,10039
1,10040
2,10041
2,10042
2,10043
1,10044
2,10045
1,10046
1,10047
2,10048
1,10049
1,10050
1,10051
2,10052
1,10053
2,10054
1,10055
2,10056
1,10057
1,10058
2,10059
1,10060
1,10061
2,10062
1,10063
1,10064
2,10065
1,10066
1,10067
2,10068
2,10069
2,10070
1,10071
1,10072
1,10073
2,10074
1,10075
1,10076
1,10077
1,10078
1,10079
1,10080
1,10081
2,10082
1,10083
1,10084
1,10085
2,10086
1,10087
1,10088
2,10089
1,10090
2,10091
2,10092
1,10093
1,10094
1,10095
1,10096
2,10097
2,10098
1,10099
2,10100
2,10101
2,10102
1,10103
1,10104
2,10105
1,10106
1,10107
1,10108
2,10109
1,10110
2,10111
1,10112
1,10113
2,10114
2,10115
2,10116
1,10117
1,10118
1,10119
1,10120
1,10121
1,10122
2,10123
1,10124
1,10125
1,10126
2,10127
1,10128
2,10129
2,10130
2,10131
1,10132
2,10133
1,10134
1,10135
2,10136
2,10137
1,10138
1,10139
2,10140
2,10141
2,10142
2,10143
2,10144
2,10145
1,10146
2,10147
1,10148
2,10149
2,10150
2,10151
1,10152
2,10153
1,10154
1,10155
2,10156
1,10157
2,10158
2,10159
1,10160
1,10161
1,10162
1,10163
2,10164
1,10165
2,10166
2,10167
1,10168
1,10169
1,10170
1,10171
2,10172
2,10173
1,10174
1,10175
1,10176
1,10177
2,10178
2,10179
1,10180
1,10181
2,10182
1,10183
1,10184
1,10185
1,10186
1,10187
2,10188
2,10189
2,10190
1,10191
1,10192
2,10193
2,10194
1,10195
2,10196
1,10197
2,10198
1,10199
1,10200
2,10201
2,10202
1,10203
1,10204
1,10205
2,10206
2,10207
1,10208
1,10209
2,10210
2,10211
2,10212
2,10213
1,10214
2,10215
2,10216
2,10217
2,10218
2,10219
2,10220
2,10221
1,10222
1,10223
1,10224
2,10225
2,10226
1,10227
2,10228
1,10229
1,10230
2,10231
1,10232
1,10233
2,10234
1,10235
1,10236
1,10237
2,10238
2,10239
1,10240
1,10241
1,10242
2,10243
1,10244
2,10245
2,10246
1,10247
2,10248
2,10249
1,10250
1,10251
2,10252
1,10253
2,10254
2,10255
1,10256
1,10257
1,10258
1,10259
1,10260
2,10261
1,10262
2,10263
2,10264
2,10265
2,10266
1,10267
1,10268
2,10269
2,10270
2,10271
1,10272
1,10273
1,10274
2,10275
2,10276
2,10277
1,10278
2,10279
1,10280
2,10281
2,10282
2,10283
1,10284
1,10285
2,10286
1,10287
2,10288
1,10289
2,10290
2,10291
2,10292
1,10293
1,10294
1,10295
1,10296
1,10297
2,10298
1,10299
2,10300
2,10301
1,10302
2,10303
1,10304
2,10305
1,10306
2,10307
1,10308
2,10309
1,10310
1,10311
1,10312
1,10313
2,10314
2,10315
1,10316
1,10317
1,10318
1,10319
1,10320
2,10321
2,10322
2,10323
2,10324
2,10325
2,10326
2,10327
2,10328
1,10329
2,10330
2,10331
1,10332
1,10333
1,10334
1,10335
1,10336
1,10337
1,10338
1,10339
2,10340
1,10341
1,10342
2,10343
2,10344
2,10345
2,10346
2,10347
1,10348
1,10349
1,10350
1,10351
1,10352
2,10353
2,10354
2,10355
1,10356
2,10357
2,10358
1,10359
1,10360
1,10361
1,10362
1,10363
1,10364
1,10365
2,10366
1,10367
1,10368
2,10369
2,10370
1,10371
1,10372
2,10373
2,10374
1,10375
1,10376
1,10377
1,10378
2,10379
2,10380
1,10381
2,10382
2,10383
1,10384
2,10385
2,10386
2,10387
2,10388
2,10389
2,10390
1,10391
2,10392
1,10393
2,10394
1,10395
2,10396
1,10397
1,10398
1,10399
1,10400
1,10401
2,10402
2,10403
2,10404
2,10405
1,10406
1,10407
1,10408
1,10409
1,10410
1,10411
2,10412
2,10413
2,10414
2,10415
2,10416
1,10417
1,10418
2,10419
2,10420
2,10421
2,10422
2,10423
2,10424
1,10425
1,10426
2,10427
1,10428
2,10429
1,10430
1,10431
2,10432
1,10433
2,10434
1,10435
2,10436
1,10437
2,10438
2,10439
2,10440
1,10441
1,10442
2,10443
1,10444
1,10445
1,10446
1,10447
2,10448
1,10449
2,10450
1,10451
2,10452
2,10453
2,10454
1,10455
2,10456
1,10457
2,10458
2,10459
2,10460
1,10461
2,10462
1,10463
1,10464
2,10465
2,10466
2,10467
1,10468
2,10469
1,10470
2,10471
2,10472
2,10473
1,10474
1,10475
2,10476
1,10477
1,10478
2,10479
1,10480
1,10481
2,10482
1,10483
1,10484
1,10485
2,10486
1,10487
1,10488
2,10489
2,10490
1,10491
1,10492
2,10493
1,10494
2,10495
2,10496
1,10497
2,10498
2,10499
2,10500
2,10501
2,10502
1,10503
1,10504
1,10505
1,10506
2,10507
2,10508
1,10509
2,10510
1,10511
2,10512
2,10513
1,10514
1,10515
1,10516
1,10517
1,10518
1,10519
2,10520
2,10521
1,10522
1,10523
1,10524
2,10525
1,10526
1,10527
1,10528
1,10529
2,10530
1,10531
1,10532
1,10533
2,10534
1,10535
2,10536
1,10537
1,10538
2,10539
2,10540
1,10541
2,10542
1,10543
1,10544
1,10545
2,10546
1,10547
1,10548
2,10549
1,10550
2,10551
1,10552
2,10553
1,10554
2,10555
1,10556
2,10557
1,10558
2,10559
1,10560
1,10561
1,10562
1,10563
1,10564
1,10565
2,10566
2,10567
1,10568
2,10569
1,10570
1,10571
2,10572
2,10573
1,10574
2,10575
2,10576
1,10577
1,10578
1,10579
2,10580
1,10581
1,10582
2,10583
1,10584
1,10585
2,10586
2,10587
1,10588
1,10589
2,10590
2,10591
2,10592
1,10593
2,10594
1,10595
2,10596
1,10597
1,10598
1,10599
1,10600
2,10601
2,10602
1,10603
2,10604
2,10605
2,10606
2,10607
2,10608
2,10609
1,10610
2,10611
2,10612
2,10613
2,10614
1,10615
1,10616
2,10617
2,10618
2,10619
1,10620
1,10621
1,10622
1,10623
2,10624
2,10625
1,10626
2,10627
1,10628
1,10629
2,10630
2,10631
1,10632
2,10633
1,10634
1,10635
2,10636
1,10637
1,10638
2,10639
2,10640
2,10641
2,10642
1,10643
1,10644
1,10645
1,10646
2,10647
1,10648
2,10649
2,10650
1,10651
2,10652
2,10653
2,10654
2,10655
1,10656
1,10657
2,10658
2,10659
1,10660
1,10661
1,10662
1,10663
2,10664
1,10665
1,10666
1,10667
1,10668
2,10669
2,10670
1,10671
2,10672
2,10673
2,10674
1,10675
1,10676
2,10677
2,10678
1,10679
1,10680
2,10681
1,10682
2,10683
1,10684
2,10685
1,10686
1,10687
1,10688
1,10689
2,10690
1,10691
1,10692
1,10693
2,10694
1,10695
1,10696
2,10697
1,10698
2,10699
1,10700
1,10701
2,10702
1,10703
2,10704
1,10705
1,10706
2,10707
1,10708
1,10709
1,10710
1,10711
2,10712
2,10713
2,10714
1,10715
2,10716
1,10717
1,10718
2,10719
1,10720
2,10721
1,10722
2,10723
1,10724
2,10725
1,10726
1,10727
2,10728
1,10729
2,10730
1,10731
2,10732
1,10733
2,10734
1,10735
1,10736
2,10737
2,10738
2,10739
1,10740
2,10741
2,10742
2,10743
1,10744
1,10745
1,10746
2,10747
2,10748
1,10749
2,10750
1,10751
2,10752
2,10753
2,10754
2,10755
2,10756
1,10757
2,10758
2,10759
1,10760
2,10761
1,10762
1,10763
1,10764
1,10765
1,10766
2,10767
2,10768
1,10769
2,10770
2,10771
1,10772
1,10773
2,10774
1,10775
1,10776
2,10777
2,10778
1,10779
2,10780
2,10781
2,10782
2,10783
2,10784
1,10785
1,10786
2,10787
2,10788
2,10789
1,10790
1,10791
2,10792
2,10793
1,10794
1,10795
2,10796
1,10797
2,10798
2,10799
2,10800
1,10801
1,10802
1,10803
2,10804
1,10805
2,10806
2,10807
2,10808
2,10809
2,10810
1,10811
1,10812
2,10813
2,10814
2,10815
1,10816
2,10817
2,10818
2,10819
2,10820
1,10821
1,10822
1,10823
2,10824
2,10825
2,10826
2,10827
2,10828
1,10829
1,10830
2,10831
2,10832
2,10833
2,10834
2,10835
1,10836
2,10837
1,10838
1,10839
2,10840
2,10841
1,10842
1,10843
2,10844
1,10845
2,10846
1,10847
1,10848
1,10849
2,10850
2,10851
2,10852
2,10853
2,10854
2,10855
1,10856
2,10857
2,10858
1,10859
1,10860
2,10861
2,10862
2,10863
1,10864
1,10865
2,10866
2,10867
1,10868
2,10869
1,10870
1,10871
1,10872
2,10873
2,10874
1,10875
2,10876
1,10877
1,10878
1,10879
1,10880
2,10881
2,10882
2,10883
2,10884
2,10885
2,10886
1,10887
1,10888
1,10889
1,10890
1,10891
1,10892
2,10893
1,10894
1,10895
1,10896
1,10897
1,10898
1,10899
2,10900
2,10901
2,10902
1,10903
1,10904
1,10905
2,10906
1,10907
1,10908
2,10909
2,10910
1,10911
2,10912
2,10913
1,10914
1,10915
2,10916
2,10917
1,10918
2,10919
1,10920
1,10921
2,10922
1,10923
1,10924
2,10925
2,10926
2,10927
2,10928
1,10929
2,10930
1,10931
1,10932
2,10933
1,10934
1,10935
2,10936
2,10937
2,10938
2,10939
1,10940
1,10941
2,10942
1,10943
2,10944
1,10945
2,10946
2,10947
1,10948
2,10949
2,10950
2,10951
2,10952
2,10953
2,10954
2,10955
1,10956
1,10957
2,10958
1,10959
2,10960
2,10961
2,10962
2,10963
2,10964
2,10965
1,10966
2,10967
2,10968
1,10969
2,10970
2,10971
1,10972
2,10973
1,10974
2,10975
2,10976
1,10977
1,10978
2,10979
2,10980
2,10981
1,10982
2,10983
2,10984
1,10985
1,10986
1,10987
1,10988
1,10989
1,10990
2,10991
1,10992
2,10993
1,10994
1,10995
2,10996
2,10997
2,10998
1,10999
2,11000
1,11001
1,11002
1,11003
1,11004
2,11005
1,11006
1,11007
2,11008
1,11009
1,11010
2,11011
2,11012
1,11013
2,11014
2,11015
2,11016
2,11017
2,11018
1,11019
2,11020
1,11021
1,11022
2,11023
2,11024
1,11025
1,11026
2,11027
2,11028
1,11029
1,11030
1,11031
2,11032
2,11033
2,11034
1,11035
2,11036
1,11037
2,11038
1,11039
2,11040
1,11041
2,11042
1,11043
1,11044
2,11045
1,11046
1,11047
1,11048
1,11049
2,11050
2,11051
1,11052
1,11053
2,11054
2,11055
1,11056
2,11057
2,11058
2,11059
1,11060
1,11061
1,11062
1,11063
2,11064
2,11065
2,11066
1,11067
1,11068
1,11069
2,11070
1,11071
2,11072
2,11073
2,11074
2,11075
2,11076
2,11077
2,11078
1,11079
2,11080
2,11081
1,11082
1,11083
2,11084
2,11085
2,11086
2,11087
2,11088
2,11089
1,11090
1,11091
2,11092
2,11093
1,11094
2,11095
2,11096
1,11097
1,11098
1,11099
1,11100
2,11101
1,11102
1,11103
2,11104
1,11105
1,11106
1,11107
1,11108
1,11109
1,11110
1,11111
1,11112
2,11113
1,11114
1,11115
2,11116
1,11117
1,11118
2,11119
2,11120
2,11121
2,11122
2,11123
1,11124
2,11125
2,11126
1,11127
2,11128
1,11129
2,11130
2,11131
